country,year,rank,ladder_score,gdp_per_capita,social_support,healthy_life_expectancy,freedom_to_make_life_choices,generosity,perceptions_of_corruption
Denmark,2011,1,7.856,,,,,,
Finland,2011,2,7.579,,,,,,
Norway,2011,3,7.524,,,,,,
Netherlands,2011,4,7.512,,,,,,
Switzerland,2011,6,7.499,,,,,,
Canada,2011,5,7.499,,,,,,
Sweden,2011,7,7.379,,,,,,
New Zealand,2011,8,7.372,,,,,,
Australia,2011,9,7.345,,,,,,
Ireland,2011,10,7.284,,,,,,
United States,2011,11,7.27,,,,,,
Costa Rica,2011,12,7.251,,,,,,
Austria,2011,13,7.227,,,,,,
Israel,2011,14,7.199,,,,,,
Belgium,2011,15,7.113,,,,,,
Luxembourg,2011,16,7.051,,,,,,
United Arab Emirates,2011,17,6.977,,,,,,
United Kingdom,2011,18,6.936,,,,,,
Venezuela,2011,19,6.922,,,,,,
Iceland,2011,20,6.888,,,,,,
Panama,2011,21,6.863,,,,,,
Spain,2011,22,6.761,,,,,,
France,2011,23,6.746,,,,,,
Mexico,2011,24,6.74,,,,,,
Brazil,2011,25,6.697,,,,,,
Saudi Arabia,2011,26,6.597,,,,,,
Puerto Rico,2011,27,6.593,,,,,,
Italy,2011,28,6.578,,,,,,
Kuwait,2011,29,6.574,,,,,,
Germany,2011,30,6.572,,,,,,
Qatar,2011,31,6.569,,,,,,
Turkmenistan,2011,32,6.568,,,,,,
Singapore,2011,33,6.549,,,,,,
Belize,2011,34,6.451,,,,,,
Cyprus,2011,35,6.416,,,,,,
Czechia,2011,36,6.36,,,,,,
Guatemala,2011,37,6.277,,,,,,
Trinidad and Tobago,2011,38,6.263,,,,,,
Argentina,2011,39,6.242,,,,,,
Jamaica,2011,40,6.208,,,,,,
Colombia,2011,41,6.202,,,,,,
Greece,2011,42,6.133,,,,,,
Chile,2011,43,6.128,,,,,,
Japan,2011,44,6.059,,,,,,
Guyana,2011,45,5.993,,,,,,
Taiwan Province of China,2011,46,5.988,,,,,,
Malta,2011,47,5.96,,,,,,
El Salvador,2011,48,5.956,,,,,,
Slovenia,2011,49,5.922,,,,,,
Uruguay,2011,50,5.898,,,,,,
Malaysia,2011,51,5.823,,,,,,
Thailand,2011,52,5.804,,,,,,
Poland,2011,53,5.803,,,,,,
Jordan,2011,54,5.706,,,,,,
Slovakia,2011,55,5.657,,,,,,
Republic of Korea,2011,56,5.643,,,,,,
Bolivia,2011,57,5.633,,,,,,
Croatia,2011,58,5.623,,,,,,
Kazakhstan,2011,59,5.594,,,,,,
Lithuania,2011,60,5.588,,,,,,
Bahrain,2011,61,5.568,,,,,,
Belarus,2011,62,5.566,,,,,,
Honduras,2011,63,5.564,,,,,,
Mauritius,2011,64,5.477,,,,,,
Ecuador,2011,66,5.425,,,,,,
Viet Nam,2011,65,5.425,,,,,,
Hong Kong SAR of China,2011,67,5.424,,,,,,
Kosovo,2011,68,5.42,,,,,,
Cuba,2011,69,5.418,,,,,,
Paraguay,2011,70,5.398,,,,,,
Algeria,2011,71,5.368,,,,,,
Estonia,2011,72,5.33,,,,,,
Portugal,2011,73,5.327,,,,,,
Myanmar,2011,74,5.322,,,,,,
Republic of Moldova,2011,75,5.305,,,,,,
Russian Federation,2011,76,5.284,,,,,,
Peru,2011,77,5.258,,,,,,
Türkiye,2011,78,5.234,,,,,,
Uzbekistan,2011,79,5.225,,,,,,
Libya,2011,81,5.178,,,,,,
Romania,2011,80,5.178,,,,,,
Lao PDR,2011,82,5.161,,,,,,
Indonesia,2011,83,5.159,,,,,,
Pakistan,2011,85,5.149,,,,,,
Iran,2011,84,5.149,,,,,,
Montenegro,2011,86,5.147,,,,,,
Tunisia,2011,87,5.141,,,,,,
Albania,2011,88,5.134,,,,,,
Nicaragua,2011,89,5.115,,,,,,
South Africa,2011,90,5.101,,,,,,
Ukraine,2011,91,5.089,,,,,,
Lebanon,2011,92,5.049,,,,,,
Dominican Republic,2011,93,5.036,,,,,,
India,2011,94,4.975,,,,,,
Djibouti,2011,95,4.957,,,,,,
Hungary,2011,96,4.943,,,,,,
Namibia,2011,97,4.886,,,,,,
Iraq,2011,98,4.882,,,,,,
Bosnia and Herzegovina,2011,99,4.857,,,,,,
Nigeria,2011,100,4.856,,,,,,
Egypt,2011,101,4.853,,,,,,
Kyrgyzstan,2011,102,4.828,,,,,,
Philippines,2011,103,4.825,,,,,,
Bangladesh,2011,104,4.807,,,,,,
Morocco,2011,105,4.793,,,,,,
Latvia,2011,106,4.762,,,,,,
Syria,2011,107,4.735,,,,,,
Zambia,2011,109,4.705,,,,,,
Ghana,2011,108,4.705,,,,,,
Mozambique,2011,110,4.693,,,,,,
Somaliland Region,2011,111,4.691,,,,,,
China,2011,112,4.68,,,,,,
Mauritania,2011,113,4.643,,,,,,
Malawi,2011,114,4.624,,,,,,
Tajikistan,2011,115,4.614,,,,,,
Azerbaijan,2011,116,4.582,,,,,,
Botswana,2011,117,4.581,,,,,,
Serbia,2011,118,4.564,,,,,,
Mongolia,2011,119,4.562,,,,,,
State of Palestine,2011,120,4.555,,,,,,
Armenia,2011,122,4.474,,,,,,
Nepal,2011,121,4.474,,,,,,
Yemen,2011,123,4.454,,,,,,
Sudan,2011,124,4.424,,,,,,
Senegal,2011,125,4.414,,,,,,
Cameroon,2011,126,4.376,,,,,,
North Macedonia,2011,127,4.369,,,,,,
Uganda,2011,128,4.313,,,,,,
Madagascar,2011,129,4.309,,,,,,
Sri Lanka,2011,130,4.26,,,,,,
Afghanistan,2011,131,4.258,,,,,,
Rwanda,2011,132,4.204,,,,,,
Côte d’Ivoire,2011,133,4.197,,,,,,
Kenya,2011,134,4.18,,,,,,
Angola,2011,135,4.178,,,,,,
Guinea,2011,136,4.171,,,,,,
Niger,2011,137,4.122,,,,,,
Cambodia,2011,138,4.101,,,,,,
Ethiopia,2011,139,4.064,,,,,,
Liberia,2011,140,4.04,,,,,,
DR Congo,2011,141,3.984,,,,,,
Zimbabwe,2011,142,3.978,,,,,,
Mali,2011,143,3.967,,,,,,
Burkina Faso,2011,144,3.926,,,,,,
Chad,2011,145,3.919,,,,,,
Georgia,2011,146,3.892,,,,,,
Bulgaria,2011,147,3.889,,,,,,
Congo,2011,148,3.82,,,,,,
Tanzania,2011,149,3.8,,,,,,
Haiti,2011,150,3.789,,,,,,
Comoros,2011,151,3.7,,,,,,
Burundi,2011,152,3.678,,,,,,
Sierra Leone,2011,153,3.586,,,,,,
Central African Republic,2011,154,3.568,,,,,,
Benin,2011,155,3.493,,,,,,
Togo,2011,156,3.007,,,,,,
Denmark,2012,1,7.693,,,,,,
Norway,2012,2,7.655,,,,,,
Switzerland,2012,3,7.65,,,,,,
Netherlands,2012,4,7.512,,,,,,
Sweden,2012,5,7.48,,,,,,
Canada,2012,6,7.477,,,,,,
Finland,2012,7,7.389,,,,,,
Austria,2012,8,7.369,,,,,,
Iceland,2012,9,7.355,,,,,,
Australia,2012,10,7.35,,,,,,
Israel,2012,11,7.301,,,,,,
Costa Rica,2012,12,7.257,,,,,,
New Zealand,2012,13,7.221,,,,,,
United Arab Emirates,2012,14,7.144,,,,,,
Panama,2012,15,7.143,,,,,,
Mexico,2012,16,7.088,,,,,,
United States,2012,17,7.082,,,,,,
Ireland,2012,18,7.076,,,,,,
Luxembourg,2012,19,7.054,,,,,,
Venezuela,2012,20,7.039,,,,,,
Belgium,2012,21,6.967,,,,,,
United Kingdom,2012,22,6.883,,,,,,
Oman,2012,23,6.853,,,,,,
Brazil,2012,24,6.849,,,,,,
France,2012,25,6.764,,,,,,
Germany,2012,26,6.672,,,,,,
Qatar,2012,27,6.666,,,,,,
Chile,2012,28,6.587,,,,,,
Argentina,2012,29,6.562,,,,,,
Singapore,2012,30,6.546,,,,,,
Trinidad and Tobago,2012,31,6.519,,,,,,
Kuwait,2012,32,6.515,,,,,,
Saudi Arabia,2012,33,6.48,,,,,,
Cyprus,2012,34,6.466,,,,,,
Colombia,2012,35,6.416,,,,,,
Thailand,2012,36,6.371,,,,,,
Uruguay,2012,37,6.355,,,,,,
Spain,2012,38,6.322,,,,,,
Czechia,2012,39,6.29,,,,,,
Suriname,2012,40,6.269,,,,,,
Republic of Korea,2012,41,6.267,,,,,,
Taiwan Province of China,2012,42,6.221,,,,,,
Japan,2012,43,6.064,,,,,,
Slovenia,2012,44,6.06,,,,,,
Italy,2012,45,6.021,,,,,,
Slovakia,2012,46,5.969,,,,,,
Guatemala,2012,47,5.965,,,,,,
Malta,2012,48,5.964,,,,,,
Ecuador,2012,49,5.865,,,,,,
Bolivia,2012,50,5.857,,,,,,
Poland,2012,51,5.822,,,,,,
El Salvador,2012,52,5.809,,,,,,
Republic of Moldova,2012,53,5.791,,,,,,
Paraguay,2012,54,5.779,,,,,,
Peru,2012,55,5.776,,,,,,
Malaysia,2012,56,5.76,,,,,,
Kazakhstan,2012,57,5.671,,,,,,
Croatia,2012,58,5.661,,,,,,
Turkmenistan,2012,59,5.628,,,,,,
Uzbekistan,2012,60,5.623,,,,,,
Angola,2012,61,5.589,,,,,,
Albania,2012,62,5.55,,,,,,
Viet Nam,2012,63,5.533,,,,,,
Hong Kong SAR of China,2012,64,5.523,,,,,,
Nicaragua,2012,65,5.507,,,,,,
Belarus,2012,66,5.504,,,,,,
Mauritius,2012,67,5.477,,,,,,
Russian Federation,2012,68,5.464,,,,,,
North Cyprus,2012,69,5.463,,,,,,
Greece,2012,70,5.435,,,,,,
Estonia,2012,72,5.426,,,,,,
Lithuania,2012,71,5.426,,,,,,
Algeria,2012,73,5.422,,,,,,
Jordan,2012,74,5.414,,,,,,
Jamaica,2012,75,5.374,,,,,,
Indonesia,2012,76,5.348,,,,,,
Türkiye,2012,77,5.345,,,,,,
Libya,2012,78,5.34,,,,,,
Bahrain,2012,79,5.312,,,,,,
Montenegro,2012,80,5.299,,,,,,
Pakistan,2012,81,5.292,,,,,,
Nigeria,2012,82,5.248,,,,,,
Kosovo,2012,83,5.222,,,,,,
Honduras,2012,84,5.142,,,,,,
Portugal,2012,85,5.101,,,,,,
Ghana,2012,86,5.091,,,,,,
Ukraine,2012,87,5.057,,,,,,
Latvia,2012,88,5.046,,,,,,
Kyrgyzstan,2012,89,5.042,,,,,,
Romania,2012,90,5.033,,,,,,
Zambia,2012,91,5.006,,,,,,
Philippines,2012,92,4.985,,,,,,
China,2012,93,4.978,,,,,,
Mozambique,2012,94,4.971,,,,,,
South Africa,2012,96,4.963,,,,,,
Dominican Republic,2012,95,4.963,,,,,,
Lebanon,2012,97,4.931,,,,,,
Lesotho,2012,98,4.898,,,,,,
Morocco,2012,99,4.885,,,,,,
Swaziland,2012,100,4.867,,,,,,
Somaliland Region,2012,101,4.847,,,,,,
Mongolia,2012,102,4.834,,,,,,
Zimbabwe,2012,103,4.827,,,,,,
Tunisia,2012,104,4.826,,,,,,
Iraq,2012,105,4.817,,,,,,
Bosnia and Herzegovina,2012,107,4.813,,,,,,
Serbia,2012,106,4.813,,,,,,
Bangladesh,2012,108,4.804,,,,,,
Lao PDR,2012,109,4.787,,,,,,
Hungary,2012,110,4.775,,,,,,
India,2012,111,4.772,,,,,,
Mauritania,2012,112,4.758,,,,,,
State of Palestine,2012,113,4.7,,,,,,
Djibouti,2012,114,4.69,,,,,,
Iran,2012,115,4.643,,,,,,
Azerbaijan,2012,116,4.604,,,,,,
DR Congo,2012,117,4.578,,,,,,
North Macedonia,2012,118,4.574,,,,,,
Ethiopia,2012,119,4.561,,,,,,
Uganda,2012,120,4.443,,,,,,
Myanmar,2012,121,4.439,,,,,,
Cameroon,2012,122,4.42,,,,,,
Kenya,2012,123,4.403,,,,,,
Sudan,2012,124,4.401,,,,,,
Tajikistan,2012,125,4.38,,,,,,
Haiti,2012,126,4.341,,,,,,
Sierra Leone,2012,127,4.318,,,,,,
Armenia,2012,128,4.316,,,,,,
Congo,2012,129,4.297,,,,,,
Egypt,2012,130,4.273,,,,,,
Burkina Faso,2012,131,4.259,,,,,,
Mali,2012,132,4.247,,,,,,
Liberia,2012,133,4.196,,,,,,
Georgia,2012,134,4.187,,,,,,
Nepal,2012,135,4.156,,,,,,
Niger,2012,136,4.152,,,,,,
Sri Lanka,2012,137,4.151,,,,,,
Gabon,2012,138,4.114,,,,,,
Malawi,2012,139,4.113,,,,,,
Cambodia,2012,140,4.067,,,,,,
Chad,2012,141,4.056,,,,,,
Yemen,2012,142,4.054,,,,,,
Afghanistan,2012,143,4.04,,,,,,
Bulgaria,2012,144,3.981,,,,,,
Botswana,2012,145,3.97,,,,,,
Madagascar,2012,146,3.966,,,,,,
Senegal,2012,147,3.959,,,,,,
Syria,2012,148,3.892,,,,,,
Comoros,2012,149,3.851,,,,,,
Guinea,2012,150,3.847,,,,,,
Tanzania,2012,151,3.77,,,,,,
Rwanda,2012,152,3.715,,,,,,
Burundi,2012,153,3.706,,,,,,
Central African Republic,2012,154,3.623,,,,,,
Benin,2012,155,3.528,,,,,,
Togo,2012,156,2.936,,,,,,
Switzerland,2014,1,7.587,,,,,,
Iceland,2014,2,7.561,,,,,,
Denmark,2014,3,7.527,,,,,,
Norway,2014,4,7.522,,,,,,
Canada,2014,5,7.427,,,,,,
Finland,2014,6,7.406,,,,,,
Netherlands,2014,7,7.378,,,,,,
Sweden,2014,8,7.364,,,,,,
New Zealand,2014,9,7.286,,,,,,
Australia,2014,10,7.284,,,,,,
Israel,2014,11,7.278,,,,,,
Costa Rica,2014,12,7.226,,,,,,
Austria,2014,13,7.2,,,,,,
Mexico,2014,14,7.187,,,,,,
United States,2014,15,7.119,,,,,,
Brazil,2014,16,6.983,,,,,,
Luxembourg,2014,17,6.946,,,,,,
Ireland,2014,18,6.94,,,,,,
Belgium,2014,19,6.937,,,,,,
United Arab Emirates,2014,20,6.901,,,,,,
United Kingdom,2014,21,6.867,,,,,,
Oman,2014,22,6.853,,,,,,
Venezuela,2014,23,6.81,,,,,,
Singapore,2014,24,6.798,,,,,,
Panama,2014,25,6.786,,,,,,
Germany,2014,26,6.75,,,,,,
Chile,2014,27,6.67,,,,,,
Qatar,2014,28,6.611,,,,,,
France,2014,29,6.575,,,,,,
Argentina,2014,30,6.574,,,,,,
Czechia,2014,31,6.505,,,,,,
Uruguay,2014,32,6.485,,,,,,
Colombia,2014,33,6.477,,,,,,
Thailand,2014,34,6.455,,,,,,
Saudi Arabia,2014,35,6.411,,,,,,
Spain,2014,36,6.329,,,,,,
Malta,2014,37,6.302,,,,,,
Taiwan Province of China,2014,38,6.298,,,,,,
Kuwait,2014,39,6.295,,,,,,
Suriname,2014,40,6.269,,,,,,
Trinidad and Tobago,2014,41,6.168,,,,,,
El Salvador,2014,42,6.13,,,,,,
Guatemala,2014,43,6.123,,,,,,
Uzbekistan,2014,44,6.003,,,,,,
Slovakia,2014,45,5.995,,,,,,
Japan,2014,46,5.987,,,,,,
Republic of Korea,2014,47,5.984,,,,,,
Ecuador,2014,48,5.975,,,,,,
Bahrain,2014,49,5.96,,,,,,
Italy,2014,50,5.948,,,,,,
Bolivia,2014,51,5.89,,,,,,
Republic of Moldova,2014,52,5.889,,,,,,
Paraguay,2014,53,5.878,,,,,,
Kazakhstan,2014,54,5.855,,,,,,
Slovenia,2014,55,5.848,,,,,,
Lithuania,2014,56,5.833,,,,,,
Nicaragua,2014,57,5.828,,,,,,
Peru,2014,58,5.824,,,,,,
Belarus,2014,59,5.813,,,,,,
Poland,2014,60,5.791,,,,,,
Malaysia,2014,61,5.77,,,,,,
Croatia,2014,62,5.759,,,,,,
Libya,2014,63,5.754,,,,,,
Russian Federation,2014,64,5.716,,,,,,
Jamaica,2014,65,5.709,,,,,,
North Cyprus,2014,66,5.695,,,,,,
Cyprus,2014,67,5.689,,,,,,
Algeria,2014,68,5.605,,,,,,
Kosovo,2014,69,5.589,,,,,,
Turkmenistan,2014,70,5.548,,,,,,
Mauritius,2014,71,5.477,,,,,,
Hong Kong SAR of China,2014,72,5.474,,,,,,
Estonia,2014,73,5.429,,,,,,
Indonesia,2014,74,5.399,,,,,,
Viet Nam,2014,75,5.36,,,,,,
Türkiye,2014,76,5.332,,,,,,
Kyrgyzstan,2014,77,5.286,,,,,,
Nigeria,2014,78,5.268,,,,,,
Bhutan,2014,79,5.253,,,,,,
Azerbaijan,2014,80,5.212,,,,,,
Pakistan,2014,81,5.194,,,,,,
Montenegro,2014,83,5.192,,,,,,
Jordan,2014,82,5.192,,,,,,
China,2014,84,5.14,,,,,,
Zambia,2014,85,5.129,,,,,,
Romania,2014,86,5.124,,,,,,
Serbia,2014,87,5.123,,,,,,
Portugal,2014,88,5.102,,,,,,
Latvia,2014,89,5.098,,,,,,
Philippines,2014,90,5.073,,,,,,
Somaliland Region,2014,91,5.057,,,,,,
Morocco,2014,92,5.013,,,,,,
North Macedonia,2014,93,5.007,,,,,,
Mozambique,2014,94,4.971,,,,,,
Albania,2014,95,4.959,,,,,,
Bosnia and Herzegovina,2014,96,4.949,,,,,,
Lesotho,2014,97,4.898,,,,,,
Dominican Republic,2014,98,4.885,,,,,,
Lao PDR,2014,99,4.876,,,,,,
Mongolia,2014,100,4.874,,,,,,
Swaziland,2014,101,4.867,,,,,,
Greece,2014,102,4.857,,,,,,
Lebanon,2014,103,4.839,,,,,,
Hungary,2014,104,4.8,,,,,,
Honduras,2014,105,4.788,,,,,,
Tajikistan,2014,106,4.786,,,,,,
Tunisia,2014,107,4.739,,,,,,
State of Palestine,2014,108,4.715,,,,,,
Bangladesh,2014,109,4.694,,,,,,
Iran,2014,110,4.686,,,,,,
Ukraine,2014,111,4.681,,,,,,
Iraq,2014,112,4.677,,,,,,
South Africa,2014,113,4.642,,,,,,
Ghana,2014,114,4.633,,,,,,
Zimbabwe,2014,115,4.61,,,,,,
Liberia,2014,116,4.571,,,,,,
India,2014,117,4.565,,,,,,
Sudan,2014,118,4.55,,,,,,
Haiti,2014,119,4.518,,,,,,
DR Congo,2014,120,4.517,,,,,,
Nepal,2014,121,4.514,,,,,,
Ethiopia,2014,122,4.512,,,,,,
Sierra Leone,2014,123,4.507,,,,,,
Mauritania,2014,124,4.436,,,,,,
Kenya,2014,125,4.419,,,,,,
Djibouti,2014,126,4.369,,,,,,
Armenia,2014,127,4.35,,,,,,
Botswana,2014,128,4.332,,,,,,
Myanmar,2014,129,4.307,,,,,,
Georgia,2014,130,4.297,,,,,,
Malawi,2014,131,4.292,,,,,,
Sri Lanka,2014,132,4.271,,,,,,
Cameroon,2014,133,4.252,,,,,,
Bulgaria,2014,134,4.218,,,,,,
Egypt,2014,135,4.194,,,,,,
Yemen,2014,136,4.077,,,,,,
Angola,2014,137,4.033,,,,,,
Mali,2014,138,3.995,,,,,,
Congo,2014,139,3.989,,,,,,
Comoros,2014,140,3.956,,,,,,
Uganda,2014,141,3.931,,,,,,
Senegal,2014,142,3.904,,,,,,
Gabon,2014,143,3.896,,,,,,
Niger,2014,144,3.845,,,,,,
Cambodia,2014,145,3.819,,,,,,
Tanzania,2014,146,3.781,,,,,,
Madagascar,2014,147,3.681,,,,,,
Central African Republic,2014,148,3.678,,,,,,
Chad,2014,149,3.667,,,,,,
Guinea,2014,150,3.656,,,,,,
Côte d’Ivoire,2014,151,3.655,,,,,,
Burkina Faso,2014,152,3.587,,,,,,
Afghanistan,2014,153,3.575,,,,,,
Rwanda,2014,154,3.465,,,,,,
Benin,2014,155,3.34,,,,,,
Syria,2014,156,3.006,,,,,,
Burundi,2014,157,2.906,,,,,,
Togo,2014,158,2.839,,,,,,
Denmark,2015,1,7.526,,,,,,
Switzerland,2015,2,7.509,,,,,,
Iceland,2015,3,7.501,,,,,,
Norway,2015,4,7.498,,,,,,
Finland,2015,5,7.413,,,,,,
Canada,2015,6,7.404,,,,,,
Netherlands,2015,7,7.339,,,,,,
New Zealand,2015,8,7.334,,,,,,
Australia,2015,9,7.313,,,,,,
Sweden,2015,10,7.291,,,,,,
Israel,2015,11,7.267,,,,,,
Austria,2015,12,7.119,,,,,,
United States,2015,13,7.104,,,,,,
Costa Rica,2015,14,7.087,,,,,,
Puerto Rico,2015,15,7.039,,,,,,
Germany,2015,16,6.994,,,,,,
Brazil,2015,17,6.952,,,,,,
Belgium,2015,18,6.929,,,,,,
Ireland,2015,19,6.907,,,,,,
Luxembourg,2015,20,6.871,,,,,,
Mexico,2015,21,6.778,,,,,,
Singapore,2015,22,6.739,,,,,,
United Kingdom,2015,23,6.725,,,,,,
Chile,2015,24,6.705,,,,,,
Panama,2015,25,6.701,,,,,,
Argentina,2015,26,6.65,,,,,,
Czechia,2015,27,6.596,,,,,,
United Arab Emirates,2015,28,6.573,,,,,,
Uruguay,2015,29,6.545,,,,,,
Malta,2015,30,6.488,,,,,,
Colombia,2015,31,6.481,,,,,,
France,2015,32,6.478,,,,,,
Thailand,2015,33,6.474,,,,,,
Taiwan Province of China,2015,35,6.379,,,,,,
Saudi Arabia,2015,34,6.379,,,,,,
Qatar,2015,36,6.375,,,,,,
Spain,2015,37,6.361,,,,,,
Algeria,2015,38,6.355,,,,,,
Guatemala,2015,39,6.324,,,,,,
Suriname,2015,40,6.269,,,,,,
Kuwait,2015,41,6.239,,,,,,
Bahrain,2015,42,6.218,,,,,,
Trinidad and Tobago,2015,43,6.168,,,,,,
Venezuela,2015,44,6.084,,,,,,
Slovakia,2015,45,6.078,,,,,,
El Salvador,2015,46,6.068,,,,,,
Malaysia,2015,47,6.005,,,,,,
Nicaragua,2015,48,5.992,,,,,,
Uzbekistan,2015,49,5.987,,,,,,
Italy,2015,50,5.977,,,,,,
Ecuador,2015,51,5.976,,,,,,
Belize,2015,52,5.956,,,,,,
Japan,2015,53,5.921,,,,,,
Kazakhstan,2015,54,5.919,,,,,,
Republic of Moldova,2015,55,5.897,,,,,,
Russian Federation,2015,56,5.856,,,,,,
Republic of Korea,2015,58,5.835,,,,,,
Poland,2015,57,5.835,,,,,,
Bolivia,2015,59,5.822,,,,,,
Lithuania,2015,60,5.813,,,,,,
Belarus,2015,61,5.802,,,,,,
North Cyprus,2015,62,5.771,,,,,,
Slovenia,2015,63,5.768,,,,,,
Peru,2015,64,5.743,,,,,,
Turkmenistan,2015,65,5.658,,,,,,
Mauritius,2015,66,5.648,,,,,,
Libya,2015,67,5.615,,,,,,
Latvia,2015,68,5.56,,,,,,
Cyprus,2015,69,5.546,,,,,,
Paraguay,2015,70,5.538,,,,,,
Romania,2015,71,5.528,,,,,,
Estonia,2015,72,5.517,,,,,,
Jamaica,2015,73,5.51,,,,,,
Croatia,2015,74,5.488,,,,,,
Hong Kong SAR of China,2015,75,5.458,,,,,,
Somalia,2015,76,5.44,,,,,,
Kosovo,2015,77,5.401,,,,,,
Türkiye,2015,78,5.389,,,,,,
Indonesia,2015,79,5.314,,,,,,
Jordan,2015,80,5.303,,,,,,
Azerbaijan,2015,81,5.291,,,,,,
Philippines,2015,82,5.279,,,,,,
China,2015,83,5.245,,,,,,
Bhutan,2015,84,5.196,,,,,,
Kyrgyzstan,2015,85,5.185,,,,,,
Serbia,2015,86,5.177,,,,,,
Bosnia and Herzegovina,2015,87,5.163,,,,,,
Montenegro,2015,88,5.161,,,,,,
Dominican Republic,2015,89,5.155,,,,,,
Morocco,2015,90,5.151,,,,,,
Hungary,2015,91,5.145,,,,,,
Pakistan,2015,92,5.132,,,,,,
Lebanon,2015,93,5.129,,,,,,
Portugal,2015,94,5.123,,,,,,
North Macedonia,2015,95,5.121,,,,,,
Viet Nam,2015,96,5.061,,,,,,
Somaliland Region,2015,97,5.057,,,,,,
Tunisia,2015,98,5.045,,,,,,
Greece,2015,99,5.033,,,,,,
Tajikistan,2015,100,4.996,,,,,,
Mongolia,2015,101,4.907,,,,,,
Lao PDR,2015,102,4.876,,,,,,
Nigeria,2015,103,4.875,,,,,,
Honduras,2015,104,4.871,,,,,,
Iran,2015,105,4.813,,,,,,
Zambia,2015,106,4.795,,,,,,
Nepal,2015,107,4.793,,,,,,
State of Palestine,2015,108,4.754,,,,,,
Albania,2015,109,4.655,,,,,,
Bangladesh,2015,110,4.643,,,,,,
Sierra Leone,2015,111,4.635,,,,,,
Iraq,2015,112,4.575,,,,,,
Namibia,2015,113,4.574,,,,,,
Cameroon,2015,114,4.513,,,,,,
Ethiopia,2015,115,4.508,,,,,,
South Africa,2015,116,4.459,,,,,,
Sri Lanka,2015,117,4.415,,,,,,
India,2015,118,4.404,,,,,,
Myanmar,2015,119,4.395,,,,,,
Egypt,2015,120,4.362,,,,,,
Armenia,2015,121,4.36,,,,,,
Kenya,2015,122,4.356,,,,,,
Ukraine,2015,123,4.324,,,,,,
Ghana,2015,124,4.276,,,,,,
DR Congo,2015,125,4.272,,,,,,
Georgia,2015,126,4.252,,,,,,
Congo,2015,127,4.236,,,,,,
Senegal,2015,128,4.219,,,,,,
Bulgaria,2015,129,4.217,,,,,,
Mauritania,2015,130,4.201,,,,,,
Zimbabwe,2015,131,4.193,,,,,,
Malawi,2015,132,4.156,,,,,,
Sudan,2015,133,4.139,,,,,,
Gabon,2015,134,4.121,,,,,,
Mali,2015,135,4.073,,,,,,
Haiti,2015,136,4.028,,,,,,
Botswana,2015,137,3.974,,,,,,
Comoros,2015,138,3.956,,,,,,
Côte d’Ivoire,2015,139,3.916,,,,,,
Cambodia,2015,140,3.907,,,,,,
Angola,2015,141,3.866,,,,,,
Niger,2015,142,3.856,,,,,,
South Sudan,2015,143,3.832,,,,,,
Chad,2015,144,3.763,,,,,,
Uganda,2015,146,3.739,,,,,,
Burkina Faso,2015,145,3.739,,,,,,
Yemen,2015,147,3.724,,,,,,
Madagascar,2015,148,3.695,,,,,,
Tanzania,2015,149,3.666,,,,,,
Liberia,2015,150,3.622,,,,,,
Guinea,2015,151,3.607,,,,,,
Rwanda,2015,152,3.515,,,,,,
Benin,2015,153,3.484,,,,,,
Afghanistan,2015,154,3.36,,,,,,
Togo,2015,155,3.303,,,,,,
Syria,2015,156,3.069,,,,,,
Burundi,2015,157,2.905,,,,,,
Norway,2016,1,7.537,,,,,,
Denmark,2016,2,7.522,,,,,,
Iceland,2016,3,7.504,,,,,,
Switzerland,2016,4,7.494,,,,,,
Finland,2016,5,7.469,,,,,,
Netherlands,2016,6,7.377,,,,,,
Canada,2016,7,7.316,,,,,,
New Zealand,2016,8,7.314,,,,,,
Sweden,2016,10,7.284,,,,,,
Australia,2016,9,7.284,,,,,,
Israel,2016,11,7.213,,,,,,
Costa Rica,2016,12,7.079,,,,,,
Austria,2016,13,7.006,,,,,,
United States,2016,14,6.993,,,,,,
Ireland,2016,15,6.977,,,,,,
Germany,2016,16,6.951,,,,,,
Belgium,2016,17,6.891,,,,,,
Luxembourg,2016,18,6.863,,,,,,
United Kingdom,2016,19,6.714,,,,,,
Chile,2016,20,6.652,,,,,,
United Arab Emirates,2016,21,6.648,,,,,,
Brazil,2016,22,6.635,,,,,,
Czechia,2016,23,6.609,,,,,,
Argentina,2016,24,6.599,,,,,,
Mexico,2016,25,6.578,,,,,,
Singapore,2016,26,6.572,,,,,,
Malta,2016,27,6.527,,,,,,
Guatemala,2016,29,6.454,,,,,,
Uruguay,2016,28,6.454,,,,,,
Panama,2016,30,6.452,,,,,,
France,2016,31,6.442,,,,,,
Thailand,2016,32,6.424,,,,,,
Taiwan Province of China,2016,33,6.422,,,,,,
Spain,2016,34,6.403,,,,,,
Qatar,2016,35,6.375,,,,,,
Colombia,2016,36,6.357,,,,,,
Saudi Arabia,2016,37,6.344,,,,,,
Trinidad and Tobago,2016,38,6.168,,,,,,
Kuwait,2016,39,6.105,,,,,,
Slovakia,2016,40,6.098,,,,,,
Bahrain,2016,41,6.087,,,,,,
Malaysia,2016,42,6.084,,,,,,
Nicaragua,2016,43,6.071,,,,,,
Ecuador,2016,44,6.008,,,,,,
El Salvador,2016,45,6.003,,,,,,
Poland,2016,46,5.973,,,,,,
Uzbekistan,2016,47,5.971,,,,,,
Italy,2016,48,5.964,,,,,,
Russian Federation,2016,49,5.963,,,,,,
Belize,2016,50,5.956,,,,,,
Japan,2016,51,5.92,,,,,,
Lithuania,2016,52,5.902,,,,,,
Algeria,2016,53,5.872,,,,,,
Latvia,2016,54,5.85,,,,,,
Republic of Moldova,2016,56,5.838,,,,,,
Republic of Korea,2016,55,5.838,,,,,,
Romania,2016,57,5.825,,,,,,
Bolivia,2016,58,5.823,,,,,,
Turkmenistan,2016,59,5.822,,,,,,
Kazakhstan,2016,60,5.819,,,,,,
North Cyprus,2016,61,5.81,,,,,,
Slovenia,2016,62,5.758,,,,,,
Peru,2016,63,5.715,,,,,,
Mauritius,2016,64,5.629,,,,,,
Cyprus,2016,65,5.621,,,,,,
Estonia,2016,66,5.611,,,,,,
Belarus,2016,67,5.569,,,,,,
Libya,2016,68,5.525,,,,,,
Türkiye,2016,69,5.5,,,,,,
Paraguay,2016,70,5.493,,,,,,
Hong Kong SAR of China,2016,71,5.472,,,,,,
Philippines,2016,72,5.43,,,,,,
Serbia,2016,73,5.395,,,,,,
Jordan,2016,74,5.336,,,,,,
Hungary,2016,75,5.324,,,,,,
Jamaica,2016,76,5.311,,,,,,
Croatia,2016,77,5.293,,,,,,
Kosovo,2016,78,5.279,,,,,,
China,2016,79,5.273,,,,,,
Pakistan,2016,80,5.269,,,,,,
Indonesia,2016,81,5.262,,,,,,
Venezuela,2016,82,5.25,,,,,,
Montenegro,2016,83,5.237,,,,,,
Morocco,2016,84,5.235,,,,,,
Azerbaijan,2016,85,5.234,,,,,,
Dominican Republic,2016,86,5.23,,,,,,
Greece,2016,87,5.227,,,,,,
Lebanon,2016,88,5.225,,,,,,
Portugal,2016,89,5.195,,,,,,
Bosnia and Herzegovina,2016,90,5.182,,,,,,
Honduras,2016,91,5.181,,,,,,
North Macedonia,2016,92,5.175,,,,,,
Somalia,2016,93,5.151,,,,,,
Nigeria,2016,95,5.074,,,,,,
Viet Nam,2016,94,5.074,,,,,,
Tajikistan,2016,96,5.041,,,,,,
Bhutan,2016,97,5.011,,,,,,
Kyrgyzstan,2016,98,5.004,,,,,,
Nepal,2016,99,4.962,,,,,,
Mongolia,2016,100,4.955,,,,,,
South Africa,2016,101,4.829,,,,,,
Tunisia,2016,102,4.805,,,,,,
State of Palestine,2016,103,4.775,,,,,,
Egypt,2016,104,4.735,,,,,,
Bulgaria,2016,105,4.714,,,,,,
Sierra Leone,2016,106,4.709,,,,,,
Cameroon,2016,107,4.695,,,,,,
Iran,2016,108,4.692,,,,,,
Albania,2016,109,4.644,,,,,,
Bangladesh,2016,110,4.608,,,,,,
Namibia,2016,111,4.574,,,,,,
Kenya,2016,112,4.553,,,,,,
Mozambique,2016,113,4.55,,,,,,
Myanmar,2016,114,4.545,,,,,,
Senegal,2016,115,4.535,,,,,,
Zambia,2016,116,4.514,,,,,,
Iraq,2016,117,4.497,,,,,,
Gabon,2016,118,4.465,,,,,,
Ethiopia,2016,119,4.46,,,,,,
Sri Lanka,2016,120,4.44,,,,,,
Armenia,2016,121,4.376,,,,,,
India,2016,122,4.315,,,,,,
Mauritania,2016,123,4.292,,,,,,
Congo,2016,124,4.291,,,,,,
Georgia,2016,125,4.286,,,,,,
DR Congo,2016,126,4.28,,,,,,
Mali,2016,127,4.19,,,,,,
Côte d’Ivoire,2016,128,4.18,,,,,,
Cambodia,2016,129,4.168,,,,,,
Sudan,2016,130,4.139,,,,,,
Ghana,2016,131,4.12,,,,,,
Ukraine,2016,132,4.096,,,,,,
Uganda,2016,133,4.081,,,,,,
Burkina Faso,2016,134,4.032,,,,,,
Niger,2016,135,4.028,,,,,,
Malawi,2016,136,3.97,,,,,,
Chad,2016,137,3.936,,,,,,
Zimbabwe,2016,138,3.875,,,,,,
Lesotho,2016,139,3.808,,,,,,
Angola,2016,140,3.795,,,,,,
Afghanistan,2016,141,3.794,,,,,,
Botswana,2016,142,3.766,,,,,,
Benin,2016,143,3.657,,,,,,
Madagascar,2016,144,3.644,,,,,,
Haiti,2016,145,3.603,,,,,,
Yemen,2016,146,3.593,,,,,,
South Sudan,2016,147,3.591,,,,,,
Liberia,2016,148,3.533,,,,,,
Guinea,2016,149,3.507,,,,,,
Togo,2016,150,3.495,,,,,,
Rwanda,2016,151,3.471,,,,,,
Syria,2016,152,3.462,,,,,,
Tanzania,2016,153,3.349,,,,,,
Burundi,2016,154,2.905,,,,,,
Central African Republic,2016,155,2.693,,,,,,
Finland,2017,1,7.632,,,,,,
Norway,2017,2,7.594,,,,,,
Denmark,2017,3,7.555,,,,,,
Iceland,2017,4,7.495,,,,,,
Switzerland,2017,5,7.487,,,,,,
Netherlands,2017,6,7.441,,,,,,
Canada,2017,7,7.328,,,,,,
New Zealand,2017,8,7.324,,,,,,
Sweden,2017,9,7.314,,,,,,
Australia,2017,10,7.272,,,,,,
Israel,2017,11,7.19,,,,,,
Austria,2017,12,7.139,,,,,,
Costa Rica,2017,13,7.072,,,,,,
Ireland,2017,14,6.977,,,,,,
Germany,2017,15,6.965,,,,,,
Belgium,2017,16,6.927,,,,,,
Luxembourg,2017,17,6.91,,,,,,
United States,2017,18,6.886,,,,,,
United Kingdom,2017,19,6.814,,,,,,
United Arab Emirates,2017,20,6.774,,,,,,
Czechia,2017,21,6.711,,,,,,
Malta,2017,22,6.627,,,,,,
France,2017,23,6.489,,,,,,
Mexico,2017,24,6.488,,,,,,
Chile,2017,25,6.476,,,,,,
Taiwan Province of China,2017,26,6.441,,,,,,
Panama,2017,27,6.43,,,,,,
Brazil,2017,28,6.419,,,,,,
Argentina,2017,29,6.388,,,,,,
Guatemala,2017,30,6.382,,,,,,
Uruguay,2017,31,6.379,,,,,,
Qatar,2017,32,6.374,,,,,,
Saudi Arabia,2017,33,6.371,,,,,,
Singapore,2017,34,6.343,,,,,,
Malaysia,2017,35,6.322,,,,,,
Spain,2017,36,6.31,,,,,,
Colombia,2017,37,6.26,,,,,,
Trinidad and Tobago,2017,38,6.192,,,,,,
Slovakia,2017,39,6.173,,,,,,
El Salvador,2017,40,6.167,,,,,,
Nicaragua,2017,41,6.141,,,,,,
Poland,2017,42,6.123,,,,,,
Bahrain,2017,43,6.105,,,,,,
Uzbekistan,2017,44,6.096,,,,,,
Kuwait,2017,45,6.083,,,,,,
Thailand,2017,46,6.072,,,,,,
Italy,2017,47,6.0,,,,,,
Ecuador,2017,48,5.973,,,,,,
Belize,2017,49,5.956,,,,,,
Lithuania,2017,50,5.952,,,,,,
Slovenia,2017,51,5.948,,,,,,
Romania,2017,52,5.945,,,,,,
Latvia,2017,53,5.933,,,,,,
Japan,2017,54,5.915,,,,,,
Mauritius,2017,55,5.891,,,,,,
Jamaica,2017,56,5.89,,,,,,
Republic of Korea,2017,57,5.875,,,,,,
North Cyprus,2017,58,5.835,,,,,,
Russian Federation,2017,59,5.81,,,,,,
Kazakhstan,2017,60,5.79,,,,,,
Cyprus,2017,61,5.762,,,,,,
Bolivia,2017,62,5.752,,,,,,
Estonia,2017,63,5.739,,,,,,
Paraguay,2017,64,5.681,,,,,,
Peru,2017,65,5.663,,,,,,
Kosovo,2017,66,5.662,,,,,,
Republic of Moldova,2017,67,5.64,,,,,,
Turkmenistan,2017,68,5.636,,,,,,
Hungary,2017,69,5.62,,,,,,
Libya,2017,70,5.566,,,,,,
Philippines,2017,71,5.524,,,,,,
Honduras,2017,72,5.504,,,,,,
Türkiye,2017,74,5.483,,,,,,
Belarus,2017,73,5.483,,,,,,
Pakistan,2017,75,5.472,,,,,,
Hong Kong SAR of China,2017,76,5.43,,,,,,
Portugal,2017,77,5.41,,,,,,
Serbia,2017,78,5.398,,,,,,
Greece,2017,79,5.358,,,,,,
Tajikistan,2017,80,5.352,,,,,,
Montenegro,2017,81,5.347,,,,,,
Croatia,2017,82,5.321,,,,,,
Dominican Republic,2017,83,5.302,,,,,,
Algeria,2017,84,5.295,,,,,,
Morocco,2017,85,5.254,,,,,,
China,2017,86,5.246,,,,,,
Azerbaijan,2017,87,5.201,,,,,,
Lebanon,2017,88,5.199,,,,,,
North Macedonia,2017,89,5.185,,,,,,
Jordan,2017,90,5.161,,,,,,
Nigeria,2017,91,5.155,,,,,,
Kyrgyzstan,2017,92,5.131,,,,,,
Bosnia and Herzegovina,2017,93,5.129,,,,,,
Mongolia,2017,94,5.125,,,,,,
Viet Nam,2017,95,5.103,,,,,,
Indonesia,2017,96,5.093,,,,,,
Bhutan,2017,97,5.082,,,,,,
Somalia,2017,98,4.982,,,,,,
Cameroon,2017,99,4.975,,,,,,
Bulgaria,2017,100,4.933,,,,,,
Nepal,2017,101,4.88,,,,,,
Venezuela,2017,102,4.806,,,,,,
Gabon,2017,103,4.758,,,,,,
State of Palestine,2017,104,4.743,,,,,,
South Africa,2017,105,4.724,,,,,,
Iran,2017,106,4.707,,,,,,
Côte d’Ivoire,2017,107,4.671,,,,,,
Ghana,2017,108,4.657,,,,,,
Senegal,2017,109,4.631,,,,,,
Lao PDR,2017,110,4.623,,,,,,
Tunisia,2017,111,4.592,,,,,,
Albania,2017,112,4.586,,,,,,
Sierra Leone,2017,113,4.571,,,,,,
Congo,2017,114,4.559,,,,,,
Bangladesh,2017,115,4.5,,,,,,
Sri Lanka,2017,116,4.471,,,,,,
Iraq,2017,117,4.456,,,,,,
Mali,2017,118,4.447,,,,,,
Namibia,2017,119,4.441,,,,,,
Cambodia,2017,120,4.433,,,,,,
Burkina Faso,2017,121,4.424,,,,,,
Egypt,2017,122,4.419,,,,,,
Mozambique,2017,123,4.417,,,,,,
Kenya,2017,124,4.41,,,,,,
Zambia,2017,125,4.377,,,,,,
Mauritania,2017,126,4.356,,,,,,
Ethiopia,2017,127,4.35,,,,,,
Georgia,2017,128,4.34,,,,,,
Armenia,2017,129,4.321,,,,,,
Myanmar,2017,130,4.308,,,,,,
Chad,2017,131,4.301,,,,,,
DR Congo,2017,132,4.245,,,,,,
India,2017,133,4.19,,,,,,
Niger,2017,134,4.166,,,,,,
Uganda,2017,135,4.161,,,,,,
Benin,2017,136,4.141,,,,,,
Sudan,2017,137,4.139,,,,,,
Ukraine,2017,138,4.103,,,,,,
Togo,2017,139,3.999,,,,,,
Guinea,2017,140,3.964,,,,,,
Lesotho,2017,141,3.808,,,,,,
Angola,2017,142,3.795,,,,,,
Madagascar,2017,143,3.774,,,,,,
Zimbabwe,2017,144,3.692,,,,,,
Afghanistan,2017,145,3.632,,,,,,
Botswana,2017,146,3.59,,,,,,
Malawi,2017,147,3.587,,,,,,
Haiti,2017,148,3.582,,,,,,
Liberia,2017,149,3.495,,,,,,
Syria,2017,150,3.462,,,,,,
Rwanda,2017,151,3.408,,,,,,
Yemen,2017,152,3.355,,,,,,
Tanzania,2017,153,3.303,,,,,,
South Sudan,2017,154,3.254,,,,,,
Central African Republic,2017,155,3.083,,,,,,
Burundi,2017,156,2.905,,,,,,
Finland,2018,1,7.769,,,,,,
Denmark,2018,2,7.6,,,,,,
Norway,2018,3,7.554,,,,,,
Iceland,2018,4,7.494,,,,,,
Netherlands,2018,5,7.488,,,,,,
Switzerland,2018,6,7.48,,,,,,
Sweden,2018,7,7.343,,,,,,
New Zealand,2018,8,7.307,,,,,,
Canada,2018,9,7.278,,,,,,
Austria,2018,10,7.246,,,,,,
Australia,2018,11,7.228,,,,,,
Costa Rica,2018,12,7.167,,,,,,
Israel,2018,13,7.139,,,,,,
Luxembourg,2018,14,7.09,,,,,,
United Kingdom,2018,15,7.054,,,,,,
Ireland,2018,16,7.021,,,,,,
Germany,2018,17,6.985,,,,,,
Belgium,2018,18,6.923,,,,,,
United States,2018,19,6.892,,,,,,
Czechia,2018,20,6.852,,,,,,
United Arab Emirates,2018,21,6.825,,,,,,
Malta,2018,22,6.726,,,,,,
Mexico,2018,23,6.595,,,,,,
France,2018,24,6.592,,,,,,
Taiwan Province of China,2018,25,6.446,,,,,,
Chile,2018,26,6.444,,,,,,
Guatemala,2018,27,6.436,,,,,,
Saudi Arabia,2018,28,6.375,,,,,,
Qatar,2018,29,6.374,,,,,,
Spain,2018,30,6.354,,,,,,
Panama,2018,31,6.321,,,,,,
Brazil,2018,32,6.3,,,,,,
Uruguay,2018,33,6.293,,,,,,
Singapore,2018,34,6.262,,,,,,
El Salvador,2018,35,6.253,,,,,,
Italy,2018,36,6.223,,,,,,
Bahrain,2018,37,6.199,,,,,,
Slovakia,2018,38,6.198,,,,,,
Trinidad and Tobago,2018,39,6.192,,,,,,
Poland,2018,40,6.182,,,,,,
Uzbekistan,2018,41,6.174,,,,,,
Lithuania,2018,42,6.149,,,,,,
Colombia,2018,43,6.125,,,,,,
Slovenia,2018,44,6.118,,,,,,
Nicaragua,2018,45,6.105,,,,,,
Kosovo,2018,46,6.1,,,,,,
Argentina,2018,47,6.086,,,,,,
Romania,2018,48,6.07,,,,,,
Cyprus,2018,49,6.046,,,,,,
Ecuador,2018,50,6.028,,,,,,
Kuwait,2018,51,6.021,,,,,,
Thailand,2018,52,6.008,,,,,,
Latvia,2018,53,5.94,,,,,,
Republic of Korea,2018,54,5.895,,,,,,
Estonia,2018,55,5.893,,,,,,
Jamaica,2018,56,5.89,,,,,,
Mauritius,2018,57,5.888,,,,,,
Japan,2018,58,5.886,,,,,,
Honduras,2018,59,5.86,,,,,,
Kazakhstan,2018,60,5.809,,,,,,
Bolivia,2018,61,5.779,,,,,,
Hungary,2018,62,5.758,,,,,,
Paraguay,2018,63,5.743,,,,,,
North Cyprus,2018,64,5.718,,,,,,
Peru,2018,65,5.697,,,,,,
Portugal,2018,66,5.693,,,,,,
Pakistan,2018,67,5.653,,,,,,
Russian Federation,2018,68,5.648,,,,,,
Philippines,2018,69,5.631,,,,,,
Serbia,2018,70,5.603,,,,,,
Republic of Moldova,2018,71,5.529,,,,,,
Libya,2018,72,5.525,,,,,,
Montenegro,2018,73,5.523,,,,,,
Tajikistan,2018,74,5.467,,,,,,
Croatia,2018,75,5.432,,,,,,
Hong Kong SAR of China,2018,76,5.43,,,,,,
Dominican Republic,2018,77,5.425,,,,,,
Bosnia and Herzegovina,2018,78,5.386,,,,,,
Türkiye,2018,79,5.373,,,,,,
Malaysia,2018,80,5.339,,,,,,
Belarus,2018,81,5.323,,,,,,
Greece,2018,82,5.287,,,,,,
Mongolia,2018,83,5.285,,,,,,
North Macedonia,2018,84,5.274,,,,,,
Nigeria,2018,85,5.265,,,,,,
Kyrgyzstan,2018,86,5.261,,,,,,
Turkmenistan,2018,87,5.247,,,,,,
Algeria,2018,88,5.211,,,,,,
Azerbaijan,2018,90,5.208,,,,,,
Morocco,2018,89,5.208,,,,,,
Lebanon,2018,91,5.197,,,,,,
Indonesia,2018,92,5.192,,,,,,
China,2018,93,5.191,,,,,,
Viet Nam,2018,94,5.175,,,,,,
Bhutan,2018,95,5.082,,,,,,
Cameroon,2018,96,5.044,,,,,,
Bulgaria,2018,97,5.011,,,,,,
Ghana,2018,98,4.996,,,,,,
Côte d’Ivoire,2018,99,4.944,,,,,,
Nepal,2018,100,4.913,,,,,,
Jordan,2018,101,4.906,,,,,,
Benin,2018,102,4.883,,,,,,
Congo,2018,103,4.812,,,,,,
Gabon,2018,104,4.799,,,,,,
Lao PDR,2018,105,4.796,,,,,,
South Africa,2018,106,4.722,,,,,,
Albania,2018,107,4.719,,,,,,
Venezuela,2018,108,4.707,,,,,,
Cambodia,2018,109,4.7,,,,,,
State of Palestine,2018,110,4.696,,,,,,
Senegal,2018,111,4.681,,,,,,
Somalia,2018,112,4.668,,,,,,
Namibia,2018,113,4.639,,,,,,
Niger,2018,114,4.628,,,,,,
Burkina Faso,2018,115,4.587,,,,,,
Armenia,2018,116,4.559,,,,,,
Iran,2018,117,4.548,,,,,,
Guinea,2018,118,4.534,,,,,,
Georgia,2018,119,4.519,,,,,,
Gambia,2018,120,4.516,,,,,,
Kenya,2018,121,4.509,,,,,,
Mauritania,2018,122,4.49,,,,,,
Mozambique,2018,123,4.466,,,,,,
Tunisia,2018,124,4.461,,,,,,
Bangladesh,2018,125,4.456,,,,,,
Iraq,2018,126,4.437,,,,,,
DR Congo,2018,127,4.418,,,,,,
Mali,2018,128,4.39,,,,,,
Sierra Leone,2018,129,4.374,,,,,,
Sri Lanka,2018,120,4.366,,,,,,
Myanmar,2018,131,4.36,,,,,,
Chad,2018,132,4.35,,,,,,
Ukraine,2018,133,4.332,,,,,,
Ethiopia,2018,134,4.286,,,,,,
Swaziland,2018,135,4.212,,,,,,
Uganda,2018,136,4.189,,,,,,
Egypt,2018,137,4.166,,,,,,
Zambia,2018,138,4.107,,,,,,
Togo,2018,139,4.085,,,,,,
India,2018,140,4.015,,,,,,
Liberia,2018,141,3.975,,,,,,
Comoros,2018,142,3.973,,,,,,
Madagascar,2018,143,3.933,,,,,,
Lesotho,2018,144,3.802,,,,,,
Burundi,2018,145,3.775,,,,,,
Zimbabwe,2018,146,3.663,,,,,,
Haiti,2018,147,3.597,,,,,,
Botswana,2018,148,3.488,,,,,,
Syria,2018,149,3.462,,,,,,
Malawi,2018,150,3.41,,,,,,
Yemen,2018,151,3.38,,,,,,
Rwanda,2018,152,3.334,,,,,,
Tanzania,2018,153,3.231,,,,,,
Afghanistan,2018,154,3.203,,,,,,
Central African Republic,2018,155,3.083,,,,,,
South Sudan,2018,156,2.853,,,,,,
Finland,2019,1,7.80870008468628,1.28518950939178,1.49952590465546,0.961271405220032,0.662316739559174,0.159670442342758,0.477857261896133
Denmark,2019,2,7.64559984207153,1.32694852352142,1.50344920158386,0.979332566261292,0.665039896965027,0.242793396115303,0.495260328054428
Switzerland,2019,3,7.55989980697632,1.39077425003052,1.47240340709686,1.04053318500519,0.628954470157623,0.269055753946304,0.407945901155472
Iceland,2019,4,7.50449991226196,1.3265016078949,1.547567486763,1.00084340572357,0.661980748176575,0.362330228090286,0.144540771842003
Norway,2019,5,7.48799991607666,1.42420732975006,1.49517250061035,1.00807189941406,0.670200884342194,0.28798508644104,0.434100568294525
Netherlands,2019,6,7.44890022277832,1.33894634246826,1.46364593505859,0.975675344467163,0.613626480102539,0.33631756901741,0.368569761514664
Sweden,2019,7,7.35349988937378,1.32223522663116,1.43334770202637,0.986470460891724,0.650297701358795,0.27282789349556,0.442066371440887
New Zealand,2019,8,7.29960012435913,1.24231791496277,1.48721837997437,1.00813829898834,0.646789908409119,0.325726211071014,0.461268275976181
Austria,2019,9,7.29419994354248,1.31728553771973,1.43744492530823,1.00093352794647,0.603368878364563,0.25550976395607,0.281256139278412
Luxembourg,2019,10,7.23750019073486,1.53667604923248,1.38752841949463,0.986442685127258,0.610137045383453,0.195953920483589,0.3670414686203
Canada,2019,11,7.23210000991821,1.30164766311646,1.43539190292358,1.02250194549561,0.644028127193451,0.281528919935226,0.351701855659485
Australia,2019,12,7.22279977798462,1.31039643287659,1.47714626789093,1.02260768413544,0.621877193450928,0.324973613023758,0.33599641919136
United Kingdom,2019,13,7.16450023651123,1.2730610370636,1.45784497261047,0.975700080394745,0.525168657302856,0.373433440923691,0.322601646184921
Israel,2019,14,7.12860012054443,1.21646368503571,1.40325677394867,1.00805294513702,0.42069947719574,0.266861796379089,0.09989845007658
Costa Rica,2019,15,7.12139987945557,0.981107711791992,1.37485361099243,0.939635336399078,0.645017743110657,0.131266310811043,0.0963620916008949
Ireland,2019,16,7.09369993209839,1.44688677787781,1.47059643268585,0.975670695304871,0.587779939174652,0.295426994562149,0.373433262109756
Germany,2019,17,7.0757999420166,1.31418454647064,1.36854374408722,0.97211480140686,0.56427413225174,0.252037703990936,0.309362292289734
United States,2019,18,6.93959999084473,1.37398684024811,1.40478670597076,0.831618010997772,0.534608244895935,0.298143059015274,0.152284741401672
Czechia,2019,19,6.9109001159668,1.21232235431671,1.40528666973114,0.89456444978714,0.505744576454163,0.0463259294629097,0.0498032234609127
Belgium,2019,20,6.86350011825562,1.29584276676178,1.39867758750916,0.964901149272919,0.499805420637131,0.146966159343719,0.208724051713943
United Arab Emirates,2019,21,6.79080009460449,1.43108642101288,1.25117099285126,0.787814438343048,0.652936100959778,0.280655980110168,0.220213517546654
Malta,2019,22,6.77279996871948,1.2525132894516,1.44295692443848,0.97204202413559,0.633239030838013,0.341180831193924,0.178864076733589
France,2019,23,6.66379976272583,1.26812934875488,1.45883917808533,1.02971422672272,0.514050900936127,0.112607702612877,0.227303236722946
Mexico,2019,24,6.46500015258789,1.02438747882843,1.22633349895477,0.831601023674011,0.553892552852631,0.083094485104084,0.0831336677074432
Taiwan Province of China,2019,25,6.45539999008179,1.32747054100037,1.3577606678009,0.878437995910645,0.449404388666153,0.150598704814911,0.131516352295876
Uruguay,2019,26,6.44010019302368,1.07100045681,1.42508113384247,0.856928884983063,0.594267070293427,0.132143691182137,0.193425074219704
Saudi Arabia,2019,27,6.4064998626709,1.33432853221893,1.30995011329651,0.759818136692047,0.548477470874786,0.0874406844377518,0.163322314620018
Spain,2019,28,6.40089988708496,1.23053526878357,1.4210991859436,1.05134308338165,0.425983816385269,0.165305480360985,0.109579779207706
Guatemala,2019,29,6.39890003204346,0.753815710544586,1.17426705360413,0.7059525847435,0.613146722316742,0.170611664652824,0.0983603000640869
Italy,2019,30,6.38740015029907,1.23639607429504,1.34729599952698,1.02250492572784,0.321305572986603,0.170266211032867,0.0401455983519554
Singapore,2019,31,6.37709999084473,1.51958012580872,1.39545691013336,1.13781428337097,0.635317206382751,0.218770906329155,0.533162236213684
Brazil,2019,32,6.37559986114502,0.952679872512817,1.36346411705017,0.766119062900543,0.483292728662491,0.131674587726593,0.106518603861332
Slovenia,2019,33,6.36339998245239,1.20865249633789,1.46467769145966,0.932548046112061,0.646700143814087,0.145701497793198,0.0765163227915764
El Salvador,2019,34,6.34829998016357,0.748940408229828,1.14939761161804,0.752730011940002,0.524043917655945,0.11893630027771,0.11703035235405
Kosovo,2019,35,6.32520008087158,0.840481340885162,1.18396282196045,0.672709167003632,0.557280421257019,0.325286865234375,0.00855902396142483
Panama,2019,36,6.30480003356934,1.09766781330109,1.37614929676056,0.878546535968781,0.579849779605865,0.0972073078155518,0.0542305260896683
Slovakia,2019,37,6.28060007095337,1.19483768939972,1.4243311882019,0.853465259075165,0.423542529344559,0.116729773581028,0.0112914405763149
Uzbekistan,2019,38,6.25759983062744,0.696652948856354,1.43402004241943,0.716703712940216,0.693270325660706,0.363311022520065,0.280260264873505
Chile,2019,39,6.22849988937378,1.09699249267578,1.32328689098358,0.889260828495026,0.417482227087021,0.155579000711441,0.0628493502736092
Bahrain,2019,40,6.22730016708374,1.29669225215912,1.31532371044159,0.838836371898651,0.610399901866913,0.287453711032867,0.12669725716114
Lithuania,2019,41,6.21549987792969,1.19355964660645,1.43286573886871,0.795421183109283,0.420460790395737,0.0536910407245159,0.0813502743840218
Trinidad and Tobago,2019,42,6.19189977645874,1.16764152050018,1.40732622146606,0.658828556537628,0.552931129932404,0.199358254671097,0.0150783956050873
Poland,2019,43,6.1862998008728,1.16922914981842,1.31039977073669,0.868038475513458,0.557903528213501,0.0633742436766624,0.160541251301765
Colombia,2019,44,6.16340017318726,0.932203710079193,1.3344509601593,0.81002014875412,0.52689003944397,0.0923740938305855,0.0458483695983887
Cyprus,2019,45,6.15899991989136,1.21279942989349,1.14917075634003,1.02612459659576,0.459385871887207,0.227932333946228,0.0512071438133717
Nicaragua,2019,46,6.13710021972656,0.620033144950867,1.27081274986267,0.803093254566193,0.560117304325104,0.212871477007866,0.174084573984146
Romania,2019,47,6.12370014190674,1.12040162086487,1.19443809986115,0.792294859886169,0.53485232591629,0.0681816190481186,0.000829568831250072
Kuwait,2019,48,6.10209989547729,1.42483365535736,1.24477982521057,0.776468932628632,0.570261418819427,0.13275109231472,0.1128149330616
Mauritius,2019,49,6.10129976272583,1.07366394996643,1.39566683769226,0.763389408588409,0.590838134288788,0.186894550919533,0.0840882286429405
Kazakhstan,2019,50,6.05789995193481,1.12259423732758,1.45326769351959,0.698788940906525,0.497432142496109,0.153713792562485,0.110463686287403
Estonia,2019,51,6.02180004119873,1.19244122505188,1.45323252677917,0.842615008354187,0.576664805412292,0.125136747956276,0.201766818761826
Philippines,2019,52,6.00600004196167,0.775120675563812,1.24538171291351,0.602189481258392,0.62191516160965,0.129260212182999,0.130385726690292
Hungary,2019,53,6.00040006637573,1.16430711746216,1.42300939559937,0.806793868541718,0.386401802301407,0.0704912394285202,0.0275481734424829
Thailand,2019,54,5.9987998008728,1.00702929496765,1.34751951694489,0.793855845928192,0.609449803829193,0.376709014177322,0.0318378619849682
Argentina,2019,55,5.97469997406006,1.02846562862396,1.37254369258881,0.849773705005646,0.520840346813202,0.0701004713773727,0.0604150593280792
Honduras,2019,56,5.95319986343384,0.598763585090637,1.18666410446167,0.791989982128143,0.568148076534271,0.256528198719025,0.0868071019649506
Latvia,2019,57,5.94999980926514,1.14139544963837,1.41439878940582,0.77790242433548,0.329198807477951,0.0754079446196556,0.0903915241360664
Ecuador,2019,58,5.92519998550415,0.853383600711823,1.22102761268616,0.838837742805481,0.555234551429749,0.115006476640701,0.0867533832788467
Portugal,2019,59,5.9109001159668,1.16880083084106,1.33953034877777,0.979315280914307,0.589895188808441,0.0530369468033314,0.0277334656566381
Jamaica,2019,60,5.88980007171631,0.779058396816254,1.40828919410706,0.788434088230133,0.553124606609344,0.116268493235111,0.030147785320878
Republic of Korea,2019,61,5.87239980697632,1.24530065059662,1.13356053829193,1.02254259586334,0.25935634970665,0.170303866267204,0.0945962816476822
Japan,2019,62,5.87080001831055,1.26672410964966,1.33233869075775,1.07288134098053,0.495465874671936,0.0357117801904678,0.181439638137817
Peru,2019,63,5.79680013656616,0.918549180030823,1.2084059715271,0.824444174766541,0.51321005821228,0.0916118174791336,0.0270326603204012
Serbia,2019,64,5.77820014953613,0.988181829452515,1.32744896411896,0.828403294086456,0.395428419113159,0.150282889604568,0.0594471469521523
Bolivia,2019,65,5.74749994277954,0.730976343154907,1.14235055446625,0.662445664405823,0.574464499950409,0.138375073671341,0.0729426369071007
Pakistan,2019,66,5.69329977035522,0.616799473762512,0.872979581356049,0.469933241605759,0.405421733856201,0.228705063462257,0.122592121362686
Paraguay,2019,67,5.69210004806519,0.897990822792053,1.36819756031036,0.735869646072388,0.586510062217712,0.204299241304398,0.0650773793458939
Dominican Republic,2019,68,5.68919992446899,0.983191847801208,1.32888889312744,0.741901695728302,0.562873899936676,0.112196780741215,0.115945681929588
Bosnia and Herzegovina,2019,69,5.67409992218018,0.918395459651947,1.20398652553558,0.813928186893463,0.305365741252899,0.264005243778229,0.00117248704191297
Republic of Moldova,2019,70,5.60750007629395,0.707916796207428,1.23731219768524,0.713299453258514,0.389571487903595,0.174049183726311,0.0143787441775203
Tajikistan,2019,71,5.55569982528687,0.47487461566925,1.21837770938873,0.680594801902771,0.521141171455383,0.182417124509811,0.22177991271019
Montenegro,2019,72,5.54610013961792,1.0101500749588,1.26565790176392,0.839028894901276,0.303223848342896,0.149010330438614,0.0984351113438606
Russian Federation,2019,73,5.5460000038147,1.12699961662292,1.37864410877228,0.680445909500122,0.399499595165253,0.0990419164299965,0.0456993617117405
Kyrgyzstan,2019,74,5.54150009155273,0.51318097114563,1.34103667736053,0.680645883083344,0.614617764949799,0.301370739936829,0.030466690659523
Belarus,2019,75,5.5398998260498,1.01885449886322,1.38713932037354,0.75258857011795,0.290755867958069,0.0899330601096153,0.193607434630394
North Cyprus,2019,76,5.53550004959106,1.21279942989349,1.18308913707733,1.02612459659576,0.477885723114014,0.199160054326057,0.199802905321121
Greece,2019,77,5.5149998664856,1.12807011604309,1.16897356510162,0.979431748390198,0.173516348004341,0.0,0.0488443523645401
Hong Kong SAR of China,2019,78,5.51039981842041,1.37674605846405,1.24358427524567,1.13663065433502,0.459356516599655,0.28828090429306,0.332485437393188
Croatia,2019,79,5.50470018386841,1.10902428627014,1.31126487255096,0.900575578212738,0.381456881761551,0.113998979330063,0.0123250056058168
Libya,2019,80,5.48880004882813,1.02191376686096,1.19628369808197,0.615626633167267,0.451354056596756,0.142757698893547,0.172258079051971
Mongolia,2019,81,5.45620012283325,0.90487277507782,1.45893061161041,0.615788161754608,0.355703115463257,0.263885736465454,0.0465331263840199
Malaysia,2019,82,5.38430023193359,1.168421626091,1.17400228977203,0.788511872291565,0.596941530704498,0.274886161088943,0.062163133174181
Viet Nam,2019,83,5.35349988937378,0.718092381954193,1.25307476520538,0.819133996963501,0.650835573673248,0.136488720774651,0.0898484587669373
Indonesia,2019,84,5.28560018539429,0.891720712184906,1.15480089187622,0.610437035560608,0.568161427974701,0.542646527290344,0.0382786132395267
Côte d’Ivoire,2019,85,5.23330020904541,0.537094414234161,0.799727261066437,0.154942512512207,0.397122532129288,0.169915586709976,0.0934957936406136
Benin,2019,86,5.21600008010864,0.366244703531265,0.352428436279297,0.328062951564789,0.405839890241623,0.196670427918434,0.12593187391758
Maldives,2019,87,5.1975998878479,0.937864303588867,1.40228760242462,0.914439558982849,0.548203647136688,0.224198251962662,0.0719064921140671
Congo,2019,88,5.1943998336792,0.633616745471954,0.75763601064682,0.458101123571396,0.386514395475388,0.117216013371944,0.118670783936977
Azerbaijan,2019,89,5.16480016708374,0.990272700786591,1.18061304092407,0.731134057044983,0.467734724283218,0.0401132144033909,0.247307181358337
North Macedonia,2019,90,5.15980005264282,0.935371994972229,1.18317353725433,0.802994132041931,0.410224586725235,0.18586353957653,0.0245950594544411
Ghana,2019,91,5.14799976348877,0.575862467288971,0.966367959976196,0.432162255048752,0.477290064096451,0.261291205883026,0.0565703809261322
Nepal,2019,92,5.13719987869263,0.444050371646881,1.10078930854797,0.668879389762878,0.480608254671097,0.300971806049347,0.127502962946892
Türkiye,2019,93,5.13180017471313,1.12716925144196,1.19715917110443,0.781335294246674,0.254400759935379,0.0858855694532394,0.120983242988586
China,2019,94,5.12389993667603,0.990533411502838,1.13208067417145,0.86724853515625,0.601605117321014,0.079021044075489,0.117255553603172
Turkmenistan,2019,95,5.11910009384155,1.0089635848999,1.51047694683075,0.612448036670685,0.515236675739288,0.323129326105118,0.0335038900375366
Bulgaria,2019,96,5.10150003433228,1.04655468463898,1.46057891845703,0.777776896953583,0.417820066213608,0.103833712637424,0.0
Morocco,2019,97,5.09479999542236,0.758622109889984,0.645208477973938,0.745096921920776,0.450054138898849,0.0400325506925583,0.0773856043815613
Cameroon,2019,98,5.08489990234375,0.50395804643631,0.899726450443268,0.270189553499222,0.439242482185364,0.198020100593567,0.0543934218585491
Venezuela,2019,99,5.05319976806641,0.770238637924194,1.34854686260223,0.767025530338287,0.271717220544815,0.0871791541576385,0.0636247768998146
Algeria,2019,100,5.00509977340698,0.943856000900269,1.14300358295441,0.745418548583984,0.0839437991380692,0.118915013968945,0.129190653562546
Senegal,2019,101,4.98080015182495,0.504061818122864,0.954593420028687,0.518391907215118,0.352400898933411,0.16439713537693,0.0818659365177155
Guinea,2019,102,4.94929981231689,0.390007734298706,0.751365959644318,0.33365523815155,0.371878057718277,0.249490842223167,0.112204559147358
Niger,2019,103,4.90959978103638,0.108330331742764,0.703800141811371,0.298816353082657,0.435311615467072,0.208176895976067,0.13755476474762
Lao PDR,2019,104,4.88859987258911,0.71469384431839,0.987391889095306,0.486378282308578,0.612027287483215,0.272667109966278,0.194273963570595
Albania,2019,105,4.88269996643066,0.906653046607971,0.830483913421631,0.846329629421234,0.46194589138031,0.171027764678001,0.0253612846136093
Cambodia,2019,106,4.8484001159668,0.544634938240051,1.07142603397369,0.587904334068298,0.674940347671509,0.233342081308365,0.0728375017642975
Bangladesh,2019,107,4.83279991149902,0.556156277656555,0.868800580501556,0.694940507411957,0.604130566120148,0.176745116710663,0.176735907793045
Gabon,2019,108,4.82929992675781,0.988044381141663,1.10639750957489,0.522574841976166,0.369459897279739,0.0520136021077633,0.0558045394718647
South Africa,2019,109,4.81409978866577,0.902140438556671,1.25908625125885,0.407034069299698,0.434781819581985,0.126406848430634,0.0595021396875381
Iraq,2019,110,4.78480005264282,0.982018709182739,1.0114666223526,0.529350697994232,0.283588051795959,0.153002068400383,0.0731649920344353
Lebanon,2019,111,4.77150011062622,0.889232516288757,1.19249331951141,0.788671135902405,0.18551667034626,0.158524140715599,0.0215181466192007
Burkina Faso,2019,112,4.76870012283325,0.30246764421463,0.929385900497437,0.312833875417709,0.322398155927658,0.186390608549118,0.12640805542469
Gambia,2019,113,4.75059986114502,0.256990551948547,0.882678687572479,0.353247880935669,0.403419524431229,0.42598968744278,0.158093795180321
Mali,2019,114,4.72930002212524,0.352462649345398,0.973141729831696,0.234981521964073,0.377534449100494,0.169667050242424,0.0621462762355804
Nigeria,2019,115,4.72410011291504,0.64590185880661,0.986717939376831,0.167835935950279,0.435079455375671,0.221328124403954,0.047589935362339
Armenia,2019,116,4.67679977416992,0.808262407779694,1.03457689285278,0.775857269763947,0.378075808286667,0.107225738465786,0.104618184268475
Georgia,2019,117,4.67259979248047,0.847198069095612,0.731193900108337,0.694657623767853,0.48549410700798,0.0476097352802753,0.174088075757027
Iran,2019,118,4.67239999771118,1.02932250499725,0.886271178722382,0.749053835868835,0.301195472478867,0.276978939771652,0.14265151321888
Jordan,2019,119,4.63339996337891,0.785179197788239,1.14011859893799,0.777624726295471,0.424855083227158,0.0914947688579559,0.151878625154495
Mozambique,2019,120,4.62360000610352,0.178741365671158,0.955202877521515,0.324223637580872,0.560775339603424,0.220422104001045,0.163064315915108
Kenya,2019,121,4.58300018310547,0.476413398981094,0.905077755451202,0.536312758922577,0.519180536270142,0.393902093172073,0.0672010779380798
Namibia,2019,122,4.57110023498535,0.840081989765167,1.24573814868927,0.406871169805527,0.444598972797394,0.0764544829726219,0.0543203428387642
Ukraine,2019,123,4.56069993972778,0.780434608459473,1.3213164806366,0.698674380779266,0.319423705339432,0.178551316261292,0.00965115986764431
Liberia,2019,124,4.55789995193481,0.174103006720543,0.92073392868042,0.392284274101257,0.405943095684052,0.226967871189117,0.0511398762464523
State of Palestine,2019,125,4.55280017852783,0.587819218635559,1.19475555419922,0.61382657289505,0.298700749874115,0.0918162614107132,0.0719136521220207
Uganda,2019,126,4.43200016021729,0.312337428331375,1.05232739448547,0.378311663866043,0.401682555675507,0.264807373285294,0.0638188421726227
Chad,2019,127,4.42269992828369,0.302287489175797,0.739118278026581,0.108744099736214,0.228601768612862,0.210805088281631,0.0857554078102112
Tunisia,2019,128,4.39219999313354,0.874742686748505,0.872167706489563,0.781156718730927,0.235860556364059,0.055881142616272,0.0438995733857155
Mauritania,2019,129,4.37459993362427,0.539684891700745,1.11332356929779,0.425184816122055,0.185714483261108,0.128899663686752,0.122257634997368
Sri Lanka,2019,130,4.3270001411438,0.897986948490143,1.19494009017944,0.792036712169647,0.528632462024689,0.252666145563126,0.0494445636868477
DR Congo,2019,131,4.31099987030029,0.062487468123436,0.833055019378662,0.277212053537369,0.364622980356216,0.25432488322258,0.0814666450023651
Swaziland,2019,132,4.30810022354126,0.82753974199295,1.06483519077301,0.215585827827454,0.299935787916183,0.0672648325562477,0.146765872836113
Myanmar,2019,133,4.30800008773804,0.678090929985046,1.09817826747894,0.495443075895309,0.597478866577148,0.56981372833252,0.187530353665352
Comoros,2019,134,4.28859996795654,0.415620774030685,0.723232805728912,0.437383323907852,0.181028231978416,0.258538275957108,0.100048534572124
Togo,2019,135,4.18720006942749,0.268116265535355,0.547622859477997,0.342731177806854,0.303539037704468,0.200774252414703,0.114826455712318
Ethiopia,2019,136,4.18620014190674,0.315125644207001,1.00110328197479,0.483846247196198,0.412566870450974,0.227698102593422,0.117437034845352
Madagascar,2019,137,4.16559982299805,0.244553208351135,0.823694348335266,0.500617027282715,0.192967548966408,0.1911900639534,0.0762486383318901
Egypt,2019,138,4.15140008926392,0.875228941440582,0.982539534568787,0.596911311149597,0.373684734106064,0.0688012540340424,0.095461793243885
Sierra Leone,2019,139,3.92639994621277,0.240560382604599,0.747984945774078,0.203953966498375,0.382027685642242,0.257647007703781,0.0479409359395504
Burundi,2019,140,3.77530002593994,0.0,0.403575271368027,0.295212835073471,0.275399059057236,0.187401786446571,0.212186828255653
Zambia,2019,141,3.75939989089966,0.536833763122559,0.89603728055954,0.363593339920044,0.491317540407181,0.250620901584625,0.0867052376270294
Haiti,2019,142,3.72079992294312,0.284734427928925,0.64667135477066,0.374366730451584,0.169297516345978,0.463909655809402,0.161935672163963
Lesotho,2019,143,3.6528000831604,0.454938739538193,1.08894002437592,0.100934810936451,0.40936753153801,0.102627642452717,0.0504838228225708
India,2019,144,3.57329988479614,0.730576157569885,0.644198656082153,0.540570139884949,0.581142246723175,0.237072482705116,0.105587981641293
Malawi,2019,145,3.53800010681152,0.176534727215767,0.530368089675903,0.446163296699524,0.487389832735062,0.213185057044029,0.131633952260017
Yemen,2019,146,3.52740001678467,0.392701774835587,1.17747712135315,0.415000170469284,0.243721485137939,0.0946890115737915,0.0873521268367767
Botswana,2019,147,3.47889995574951,0.997548997402191,1.08569478988647,0.494101732969284,0.509089410305023,0.033407486975193,0.101786367595196
Tanzania,2019,148,3.47620010375977,0.457163125276566,0.872674643993378,0.442677855491638,0.509343087673187,0.271540910005569,0.203880861401558
Central African Republic,2019,149,3.47589993476868,0.0410720817744732,0.0,0.0,0.292814463376999,0.253513216972351,0.0282647181302309
Rwanda,2019,150,3.31229996681213,0.343242675065994,0.52287632226944,0.572383284568787,0.604087889194489,0.235704988241196,0.485542476177216
Zimbabwe,2019,151,3.2992000579834,0.425564020872116,1.04783523082733,0.375037610530853,0.377404719591141,0.151349186897278,0.0809285789728165
South Sudan,2019,152,2.81660008430481,0.28908297419548,0.553278505802155,0.208809033036232,0.0656092539429665,0.20993460714817,0.111156798899174
Afghanistan,2019,153,2.56690001487732,0.300705850124359,0.356433838605881,0.266051530838013,0.0,0.135234713554382,0.00122578535228968
Finland,2020,2,7.842,1.446,1.106,0.741,0.691,0.124,0.481
Denmark,2020,3,7.62,1.502,1.108,0.763,0.686,0.208,0.485
Switzerland,2020,4,7.571,1.566,1.079,0.816,0.653,0.204,0.413
Iceland,2020,5,7.554,1.482,1.172,0.772,0.698,0.293,0.17
Netherlands,2020,6,7.464,1.501,1.079,0.753,0.647,0.302,0.384
Norway,2020,7,7.392,1.543,1.108,0.782,0.703,0.249,0.427
Sweden,2020,8,7.363,1.478,1.062,0.763,0.685,0.244,0.448
Luxembourg,2020,9,7.324,1.751,1.003,0.76,0.639,0.166,0.353
New Zealand,2020,10,7.277,1.4,1.094,0.785,0.665,0.276,0.445
Austria,2020,11,7.268,1.492,1.062,0.782,0.64,0.215,0.292
Australia,2020,12,7.183,1.453,1.076,0.801,0.647,0.291,0.317
Israel,2020,13,7.157,1.376,1.074,0.788,0.509,0.208,0.119
Germany,2020,14,7.155,1.48,0.993,0.757,0.6,0.195,0.306
Canada,2020,15,7.103,1.447,1.044,0.798,0.648,0.246,0.335
Ireland,2020,16,7.085,1.644,1.092,0.753,0.606,0.238,0.367
Costa Rica,2020,17,7.069,1.134,0.966,0.722,0.673,0.105,0.083
United Kingdom,2020,18,7.064,1.423,1.062,0.757,0.58,0.34,0.306
Czechia,2020,19,6.965,1.37,1.09,0.703,0.58,0.052,0.046
United States,2020,20,6.951,1.533,1.03,0.621,0.554,0.252,0.154
Belgium,2020,21,6.834,1.463,0.998,0.747,0.489,0.088,0.187
France,2020,22,6.69,1.421,1.081,0.804,0.536,0.092,0.235
Bahrain,2020,23,6.647,1.409,0.899,0.662,0.661,0.246,0.139
Malta,2020,24,6.602,1.411,1.055,0.747,0.664,0.275,0.183
Taiwan Province of China,2020,25,6.584,1.48,0.982,0.665,0.49,0.142,0.139
United Arab Emirates,2020,26,6.561,1.555,0.86,0.594,0.67,0.236,0.223
Saudi Arabia,2020,27,6.494,1.435,0.964,0.571,0.603,0.09,0.163
Spain,2020,28,6.491,1.375,1.057,0.826,0.462,0.135,0.124
Italy,2020,29,6.483,1.393,0.94,0.798,0.379,0.133,0.047
Slovenia,2020,30,6.461,1.36,1.093,0.722,0.69,0.122,0.085
Guatemala,2020,31,6.435,0.845,0.79,0.519,0.638,0.163,0.105
Uruguay,2020,32,6.431,1.164,1.042,0.649,0.625,0.128,0.223
Singapore,2020,33,6.377,1.695,1.019,0.897,0.664,0.176,0.547
Kosovo,2020,34,6.372,0.937,0.807,0.483,0.593,0.356,0.014
Slovakia,2020,35,6.331,1.304,1.066,0.653,0.468,0.107,0.018
Brazil,2020,36,6.33,1.028,0.944,0.571,0.514,0.142,0.117
Mexico,2020,37,6.317,1.126,0.83,0.634,0.585,0.092,0.089
Jamaica,2020,38,6.309,0.891,0.932,0.599,0.618,0.099,0.035
Lithuania,2020,39,6.255,1.35,1.065,0.612,0.476,0.056,0.073
Cyprus,2020,40,6.223,1.377,0.765,0.801,0.464,0.178,0.061
Estonia,2020,41,6.189,1.344,1.079,0.64,0.641,0.119,0.263
Panama,2020,42,6.18,1.298,0.976,0.667,0.596,0.079,0.053
Uzbekistan,2020,43,6.179,0.769,1.027,0.528,0.716,0.391,0.271
Chile,2020,44,6.172,1.2,0.946,0.678,0.438,0.159,0.07
Poland,2020,45,6.166,1.309,0.982,0.668,0.558,0.08,0.13
Kazakhstan,2020,46,6.152,1.23,1.103,0.527,0.573,0.143,0.132
Romania,2020,47,6.14,1.275,0.832,0.595,0.564,0.045,0.001
Kuwait,2020,48,6.106,1.461,0.857,0.58,0.591,0.12,0.13
Serbia,2020,49,6.078,1.101,0.924,0.634,0.482,0.189,0.066
El Salvador,2020,50,6.061,0.845,0.675,0.565,0.615,0.116,0.16
Mauritius,2020,51,6.049,1.178,0.996,0.574,0.59,0.153,0.096
Latvia,2020,52,6.032,1.285,1.047,0.587,0.405,0.082,0.089
Colombia,2020,53,6.012,1.021,0.866,0.615,0.554,0.1,0.063
Hungary,2020,54,5.992,1.301,1.083,0.615,0.454,0.067,0.04
Thailand,2020,55,5.985,1.107,0.957,0.596,0.611,0.375,0.028
Nicaragua,2020,56,5.972,0.693,0.904,0.604,0.553,0.201,0.176
Japan,2020,57,5.94,1.389,0.949,0.838,0.504,0.02,0.192
Portugal,2020,59,5.929,1.323,0.939,0.76,0.621,0.029,0.033
Argentina,2020,58,5.929,1.162,0.98,0.646,0.544,0.069,0.067
Honduras,2020,60,5.919,0.703,0.787,0.593,0.578,0.241,0.083
Croatia,2020,61,5.882,1.251,1.039,0.703,0.453,0.111,0.0
Philippines,2020,62,5.88,0.853,0.828,0.426,0.651,0.125,0.126
Republic of Korea,2020,63,5.845,1.403,0.758,0.801,0.353,0.134,0.135
Peru,2020,64,5.84,0.986,0.833,0.623,0.536,0.087,0.031
Bosnia and Herzegovina,2020,65,5.813,1.032,0.919,0.618,0.395,0.261,0.005
Republic of Moldova,2020,66,5.766,0.985,0.888,0.542,0.536,0.137,0.013
Ecuador,2020,67,5.764,0.935,0.806,0.64,0.56,0.107,0.062
Kyrgyzstan,2020,68,5.744,0.665,0.971,0.501,0.673,0.266,0.02
Greece,2020,69,5.723,1.273,0.811,0.76,0.243,0.0,0.074
Bolivia,2020,70,5.716,0.842,0.782,0.486,0.6,0.138,0.064
Mongolia,2020,71,5.677,0.966,1.065,0.442,0.397,0.263,0.053
Paraguay,2020,72,5.653,0.983,0.97,0.549,0.602,0.206,0.037
Montenegro,2020,73,5.581,1.155,0.891,0.637,0.397,0.166,0.081
Dominican Republic,2020,74,5.545,1.106,0.879,0.555,0.581,0.101,0.144
North Cyprus,2020,75,5.536,1.377,0.806,0.801,0.503,0.196,0.2
Belarus,2020,76,5.534,1.124,1.007,0.56,0.326,0.07,0.199
Hong Kong SAR of China,2020,78,5.477,1.525,0.841,0.893,0.408,0.232,0.342
Russian Federation,2020,77,5.477,1.241,0.992,0.511,0.409,0.115,0.06
Tajikistan,2020,79,5.466,0.508,0.895,0.498,0.548,0.152,0.247
Viet Nam,2020,80,5.411,0.817,0.873,0.616,0.679,0.124,0.091
Libya,2020,81,5.41,1.044,0.821,0.435,0.474,0.131,0.174
Malaysia,2020,82,5.384,1.259,0.797,0.587,0.624,0.27,0.064
Indonesia,2020,83,5.345,0.954,0.786,0.433,0.598,0.541,0.046
Congo,2020,84,5.342,0.518,0.392,0.307,0.381,0.144,0.124
China,2020,85,5.339,1.061,0.785,0.665,0.636,0.093,0.117
Côte d’Ivoire,2020,86,5.306,0.669,0.409,0.052,0.438,0.177,0.092
Armenia,2020,87,5.283,0.996,0.758,0.585,0.54,0.079,0.198
Nepal,2020,88,5.269,0.519,0.702,0.496,0.488,0.287,0.135
Bulgaria,2020,89,5.266,1.181,1.055,0.583,0.494,0.125,0.005
Maldives,2020,90,5.198,1.115,1.015,0.697,0.575,0.204,0.073
Azerbaijan,2020,91,5.171,1.025,0.841,0.541,0.526,0.043,0.276
Cameroon,2020,92,5.142,0.543,0.556,0.159,0.425,0.205,0.058
Senegal,2020,93,5.132,0.518,0.558,0.357,0.381,0.158,0.088
Albania,2020,94,5.117,1.008,0.529,0.646,0.491,0.168,0.024
North Macedonia,2020,95,5.101,1.068,0.772,0.535,0.45,0.212,0.022
Ghana,2020,96,5.088,0.68,0.595,0.287,0.517,0.268,0.058
Niger,2020,97,5.074,0.162,0.402,0.167,0.516,0.2,0.157
Turkmenistan,2020,98,5.066,1.046,1.172,0.439,0.602,0.366,0.033
Gambia,2020,99,5.051,0.367,0.511,0.21,0.384,0.465,0.123
Benin,2020,100,5.045,0.507,0.058,0.196,0.457,0.166,0.178
Lao PDR,2020,101,5.03,0.808,0.598,0.33,0.643,0.268,0.179
Bangladesh,2020,102,5.025,0.635,0.52,0.514,0.603,0.161,0.164
Guinea,2020,103,4.984,0.42,0.399,0.206,0.384,0.25,0.111
South Africa,2020,104,4.956,0.967,0.895,0.265,0.447,0.144,0.051
Türkiye,2020,105,4.948,1.26,0.809,0.59,0.236,0.097,0.104
Pakistan,2020,106,4.934,0.637,0.423,0.322,0.418,0.252,0.097
Morocco,2020,107,4.918,0.792,0.219,0.558,0.477,0.034,0.088
Venezuela,2020,108,4.892,0.852,0.897,0.574,0.284,0.078,0.072
Georgia,2020,109,4.891,1.03,0.47,0.498,0.488,0.032,0.181
Algeria,2020,110,4.887,0.946,0.765,0.552,0.119,0.144,0.12
Ukraine,2020,111,4.875,0.979,0.958,0.517,0.417,0.181,0.01
Iraq,2020,112,4.854,0.91,0.638,0.381,0.302,0.153,0.041
Gabon,2020,113,4.852,1.037,0.707,0.362,0.424,0.058,0.064
Burkina Faso,2020,114,4.834,0.364,0.472,0.179,0.381,0.182,0.122
Cambodia,2020,115,4.83,0.603,0.68,0.426,0.702,0.21,0.061
Mozambique,2020,116,4.794,0.183,0.634,0.196,0.608,0.228,0.163
Nigeria,2020,117,4.759,0.663,0.625,0.051,0.433,0.212,0.039
Mali,2020,118,4.723,0.387,0.59,0.11,0.384,0.164,0.072
Iran,2020,119,4.721,1.03,0.557,0.561,0.275,0.33,0.144
Uganda,2020,120,4.636,0.364,0.718,0.24,0.398,0.267,0.054
Liberia,2020,121,4.625,0.228,0.58,0.253,0.43,0.221,0.057
Kenya,2020,122,4.607,0.603,0.508,0.385,0.483,0.375,0.073
Tunisia,2020,123,4.596,0.919,0.515,0.59,0.334,0.057,0.044
Lebanon,2020,124,4.584,1.045,0.868,0.595,0.175,0.14,0.026
Namibia,2020,125,4.574,0.882,0.801,0.262,0.411,0.091,0.059
State of Palestine,2020,126,4.517,0.646,0.819,0.434,0.33,0.082,0.075
Myanmar,2020,127,4.426,0.666,0.713,0.341,0.601,0.52,0.178
Jordan,2020,128,4.395,0.89,0.685,0.583,0.455,0.079,0.15
Chad,2020,129,4.355,0.255,0.353,0.0,0.24,0.215,0.084
Sri Lanka,2020,130,4.325,0.99,0.82,0.593,0.559,0.239,0.049
Swaziland,2020,131,4.308,0.849,0.693,0.074,0.323,0.067,0.147
Comoros,2020,132,4.289,0.488,0.367,0.279,0.202,0.241,0.101
Egypt,2020,133,4.283,0.954,0.647,0.426,0.446,0.069,0.092
Ethiopia,2020,134,4.275,0.37,0.679,0.331,0.451,0.241,0.114
Mauritania,2020,135,4.227,0.666,0.749,0.273,0.218,0.119,0.133
Madagascar,2020,136,4.208,0.266,0.503,0.341,0.207,0.185,0.087
Togo,2020,137,4.107,0.254,0.239,0.203,0.289,0.209,0.107
Zambia,2020,138,4.073,0.528,0.552,0.231,0.487,0.227,0.074
Sierra Leone,2020,139,3.849,0.279,0.377,0.1,0.408,0.243,0.047
India,2020,140,3.819,0.741,0.316,0.383,0.622,0.246,0.106
Burundi,2020,141,3.775,0.0,0.062,0.155,0.298,0.172,0.212
Yemen,2020,142,3.658,0.329,0.831,0.272,0.268,0.092,0.089
Tanzania,2020,143,3.623,0.433,0.54,0.3,0.549,0.307,0.231
Haiti,2020,144,3.615,0.294,0.173,0.227,0.257,0.463,0.139
Malawi,2020,145,3.6,0.113,0.168,0.298,0.484,0.213,0.134
Lesotho,2020,146,3.512,0.451,0.731,0.007,0.405,0.103,0.015
Botswana,2020,147,3.467,1.099,0.724,0.34,0.539,0.027,0.088
Rwanda,2020,148,3.415,0.364,0.202,0.407,0.627,0.227,0.493
Zimbabwe,2020,149,3.145,0.457,0.649,0.243,0.359,0.157,0.075
Afghanistan,2020,150,2.523,0.37,0.0,0.126,0.0,0.122,0.01
Finland,2021,1,7.821,1.892,1.258,0.775,0.736,0.109,0.534
Denmark,2021,2,7.636,1.953,1.243,0.777,0.719,0.188,0.532
Iceland,2021,3,7.557,1.936,1.32,0.803,0.718,0.27,0.191
Switzerland,2021,4,7.512,2.026,1.226,0.822,0.677,0.147,0.461
Netherlands,2021,5,7.415,1.945,1.206,0.787,0.651,0.271,0.419
Luxembourg,2021,6,7.404,2.209,1.155,0.79,0.7,0.12,0.388
Sweden,2021,7,7.384,1.92,1.204,0.803,0.724,0.218,0.512
Norway,2021,8,7.365,1.997,1.239,0.786,0.728,0.217,0.474
Israel,2021,9,7.364,1.826,1.221,0.818,0.568,0.155,0.143
New Zealand,2021,10,7.2,1.852,1.235,0.752,0.68,0.245,0.483
Austria,2021,11,7.163,1.931,1.165,0.774,0.623,0.193,0.329
Australia,2021,12,7.162,1.9,1.203,0.772,0.676,0.258,0.341
Ireland,2021,13,7.041,2.129,1.166,0.779,0.627,0.19,0.408
Germany,2021,14,7.034,1.924,1.088,0.776,0.585,0.163,0.358
Canada,2021,15,7.025,1.886,1.188,0.783,0.659,0.217,0.368
United States,2021,16,6.977,1.982,1.182,0.628,0.574,0.22,0.177
United Kingdom,2021,17,6.943,1.867,1.143,0.75,0.597,0.289,0.329
Czechia,2021,18,6.92,1.815,1.26,0.715,0.66,0.158,0.048
Belgium,2021,19,6.805,1.907,1.106,0.764,0.492,0.049,0.204
France,2021,20,6.687,1.863,1.219,0.808,0.567,0.07,0.266
Bahrain,2021,21,6.647,1.854,1.029,0.625,0.693,0.199,0.155
Slovenia,2021,22,6.63,1.81,1.249,0.769,0.685,0.118,0.115
Costa Rica,2021,23,6.582,1.584,1.054,0.744,0.661,0.089,0.102
United Arab Emirates,2021,24,6.576,1.998,0.98,0.633,0.702,0.204,0.25
Saudi Arabia,2021,25,6.523,1.87,1.092,0.577,0.651,0.078,0.18
Taiwan Province of China,2021,26,6.512,1.897,1.095,0.733,0.542,0.075,0.168
Singapore,2021,27,6.48,2.149,1.127,0.851,0.672,0.163,0.587
Romania,2021,28,6.477,1.719,1.006,0.655,0.605,0.039,0.006
Spain,2021,29,6.476,1.808,1.211,0.808,0.505,0.101,0.149
Uruguay,2021,30,6.474,1.615,1.18,0.672,0.665,0.103,0.265
Italy,2021,31,6.467,1.834,1.052,0.801,0.412,0.085,0.059
Kosovo,2021,32,6.455,1.362,0.949,0.569,0.599,0.309,0.035
Malta,2021,33,6.447,1.838,1.169,0.789,0.679,0.174,0.166
Lithuania,2021,34,6.446,1.804,1.204,0.659,0.496,0.053,0.077
Slovakia,2021,35,6.391,1.736,1.232,0.707,0.479,0.118,0.025
Estonia,2021,36,6.341,1.793,1.232,0.728,0.689,0.123,0.333
Panama,2021,37,6.309,1.715,1.107,0.709,0.592,0.049,0.051
Brazil,2021,38,6.293,1.462,1.044,0.615,0.546,0.131,0.134
Guatemala,2021,39,6.262,1.274,0.831,0.522,0.662,0.112,0.115
Kazakhstan,2021,40,6.234,1.668,1.22,0.611,0.584,0.134,0.157
Cyprus,2021,41,6.221,1.815,0.909,0.819,0.448,0.123,0.062
Latvia,2021,42,6.18,1.732,1.221,0.637,0.502,0.075,0.09
Serbia,2021,43,6.178,1.55,1.086,0.658,0.546,0.219,0.088
Chile,2021,44,6.172,1.651,1.08,0.748,0.46,0.124,0.069
Nicaragua,2021,45,6.165,1.105,1.029,0.617,0.617,0.168,0.212
Mexico,2021,46,6.128,1.552,0.886,0.623,0.621,0.092,0.115
Croatia,2021,47,6.125,1.705,1.183,0.709,0.535,0.109,0.0
Poland,2021,48,6.123,1.758,1.174,0.712,0.523,0.124,0.14
El Salvador,2021,49,6.12,1.265,0.768,0.607,0.666,0.089,0.212
Kuwait,2021,50,6.106,1.904,0.983,0.747,0.617,0.087,0.147
Hungary,2021,51,6.086,1.748,1.233,0.668,0.485,0.078,0.064
Mauritius,2021,52,6.071,1.591,1.116,0.568,0.589,0.131,0.107
Uzbekistan,2021,53,6.063,1.219,1.092,0.6,0.716,0.283,0.24
Japan,2021,54,6.039,1.835,1.089,0.866,0.537,0.007,0.218
Honduras,2021,55,6.022,1.111,0.885,0.555,0.582,0.202,0.076
Portugal,2021,56,6.016,1.76,1.078,0.777,0.655,0.016,0.039
Argentina,2021,57,5.967,1.592,1.102,0.662,0.555,0.081,0.085
Greece,2021,58,5.948,1.703,0.98,0.774,0.249,0.015,0.108
Republic of Korea,2021,59,5.935,1.851,0.886,0.841,0.414,0.111,0.176
Philippines,2021,60,5.904,1.268,0.912,0.514,0.678,0.107,0.142
Thailand,2021,61,5.891,1.535,1.096,0.697,0.617,0.321,0.026
Republic of Moldova,2021,62,5.857,1.417,1.008,0.597,0.561,0.102,0.028
Jamaica,2021,63,5.85,1.296,1.045,0.646,0.567,0.08,0.053
Kyrgyzstan,2021,64,5.828,1.069,1.109,0.638,0.693,0.208,0.025
Belarus,2021,65,5.821,1.562,1.157,0.629,0.342,0.04,0.282
Colombia,2021,66,5.781,1.452,0.929,0.72,0.545,0.087,0.077
Bosnia and Herzegovina,2021,67,5.768,1.468,1.068,0.665,0.448,0.244,0.006
Mongolia,2021,68,5.761,1.393,1.197,0.467,0.398,0.247,0.059
Dominican Republic,2021,69,5.737,1.538,1.003,0.577,0.606,0.084,0.179
Malaysia,2021,70,5.711,1.689,0.938,0.62,0.654,0.213,0.126
Bolivia,2021,71,5.6,1.256,0.88,0.555,0.627,0.112,0.064
China,2021,72,5.585,1.508,0.958,0.705,0.656,0.099,0.142
Paraguay,2021,73,5.578,1.409,1.13,0.624,0.629,0.171,0.059
Peru,2021,74,5.559,1.397,0.865,0.735,0.545,0.09,0.037
Montenegro,2021,75,5.547,1.573,1.023,0.659,0.46,0.135,0.077
Ecuador,2021,76,5.533,1.352,0.879,0.708,0.565,0.08,0.083
Viet Nam,2021,77,5.485,1.252,0.932,0.611,0.707,0.143,0.105
Turkmenistan,2021,78,5.474,1.484,1.319,0.516,0.649,0.314,0.032
North Cyprus,2021,79,5.467,1.815,0.888,0.819,0.523,0.13,0.213
Russian Federation,2021,80,5.459,1.685,1.095,0.586,0.401,0.117,0.08
Hong Kong SAR of China,2021,81,5.425,1.957,0.954,0.942,0.4,0.147,0.383
Armenia,2021,82,5.399,1.434,0.82,0.668,0.558,0.054,0.21
Nepal,2021,84,5.377,0.984,0.784,0.499,0.519,0.237,0.13
Tajikistan,2021,83,5.377,0.966,1.005,0.518,0.572,0.118,0.304
Bulgaria,2021,85,5.371,1.625,1.163,0.64,0.563,0.123,0.021
Libya,2021,86,5.33,1.476,0.943,0.606,0.477,0.106,0.179
Indonesia,2021,87,5.24,1.382,0.883,0.539,0.62,0.468,0.047
Côte d’Ivoire,2021,88,5.235,1.094,0.442,0.322,0.451,0.149,0.124
Albania,2021,90,5.199,1.439,0.646,0.719,0.511,0.138,0.028
North Macedonia,2021,89,5.199,1.505,0.863,0.637,0.488,0.215,0.031
South Africa,2021,91,5.194,1.425,1.088,0.361,0.442,0.089,0.046
Azerbaijan,2021,92,5.173,1.458,1.093,0.56,0.601,0.023,0.341
Gambia,2021,93,5.164,0.785,0.621,0.369,0.367,0.388,0.103
Bangladesh,2021,94,5.155,1.06,0.614,0.581,0.622,0.125,0.187
Lao PDR,2021,95,5.14,1.239,0.654,0.479,0.679,0.197,0.184
Liberia,2021,97,5.122,0.636,0.67,0.309,0.405,0.178,0.08
Algeria,2021,96,5.122,1.363,0.97,0.643,0.146,0.106,0.15
Ukraine,2021,98,5.084,1.411,1.081,0.583,0.473,0.188,0.017
Congo,2021,99,5.075,0.95,0.405,0.355,0.431,0.13,0.146
Morocco,2021,100,5.06,1.208,0.268,0.565,0.492,0.02,0.102
Cameroon,2021,102,5.048,0.968,0.672,0.317,0.397,0.152,0.074
Mozambique,2021,101,5.048,0.578,0.66,0.191,0.593,0.185,0.2
Senegal,2021,103,5.046,0.933,0.53,0.447,0.494,0.143,0.081
Niger,2021,104,5.003,0.57,0.56,0.326,0.571,0.165,0.145
Georgia,2021,105,4.973,1.467,0.612,0.595,0.508,0.0,0.208
Gabon,2021,106,4.958,1.459,0.738,0.396,0.343,0.032,0.099
Iraq,2021,107,4.941,1.289,0.682,0.554,0.328,0.147,0.046
Venezuela,2021,108,4.925,0.0,0.968,0.578,0.283,0.225,0.082
Guinea,2021,109,4.891,0.848,0.566,0.275,0.334,0.214,0.116
Iran,2021,110,4.888,1.41,0.741,0.642,0.281,0.241,0.146
Ghana,2021,111,4.872,1.112,0.595,0.409,0.5,0.23,0.056
Türkiye,2021,112,4.744,1.707,0.865,0.702,0.209,0.087,0.115
Burkina Faso,2021,113,4.67,0.779,0.565,0.32,0.382,0.186,0.126
Cambodia,2021,114,4.64,1.019,0.732,0.505,0.74,0.166,0.068
Benin,2021,115,4.623,0.932,0.064,0.335,0.479,0.127,0.23
Comoros,2021,116,4.609,0.899,0.476,0.424,0.185,0.195,0.125
Uganda,2021,117,4.603,0.777,0.875,0.418,0.402,0.222,0.066
Nigeria,2021,118,4.552,1.079,0.732,0.3,0.444,0.175,0.038
Kenya,2021,119,4.543,1.032,0.605,0.401,0.44,0.322,0.082
Pakistan,2021,121,4.516,1.049,0.413,0.374,0.448,0.181,0.112
Tunisia,2021,120,4.516,1.35,0.596,0.656,0.316,0.029,0.029
State of Palestine,2021,122,4.483,1.148,0.957,0.521,0.336,0.073,0.079
Mali,2021,123,4.479,0.792,0.483,0.311,0.35,0.128,0.042
Namibia,2021,124,4.459,1.292,0.877,0.354,0.384,0.067,0.071
Eswatini,2021,125,4.396,1.274,0.786,0.197,0.259,0.038,0.154
Myanmar,2021,126,4.394,1.038,0.829,0.491,0.513,0.452,0.194
Sri Lanka,2021,127,4.362,1.415,0.934,0.66,0.529,0.15,0.079
Madagascar,2021,128,4.339,0.67,0.645,0.378,0.202,0.143,0.154
Egypt,2021,129,4.288,1.388,0.732,0.548,0.469,0.041,0.254
Chad,2021,130,4.251,0.662,0.506,0.225,0.18,0.182,0.077
Ethiopia,2021,131,4.241,0.788,0.809,0.457,0.472,0.205,0.136
Yemen,2021,132,4.197,0.691,1.043,0.384,0.33,0.09,0.098
Mauritania,2021,133,4.153,1.1,0.865,0.45,0.304,0.088,0.138
Jordan,2021,134,4.152,1.324,0.724,0.675,0.476,0.058,0.2
Togo,2021,135,4.112,0.771,0.322,0.36,0.292,0.174,0.132
India,2021,136,3.777,1.167,0.376,0.471,0.647,0.198,0.123
Zambia,2021,137,3.76,0.93,0.577,0.306,0.525,0.203,0.083
Malawi,2021,138,3.75,0.648,0.279,0.388,0.477,0.14,0.157
Tanzania,2021,139,3.702,0.848,0.597,0.425,0.578,0.248,0.27
Sierra Leone,2021,140,3.574,0.686,0.416,0.273,0.387,0.202,0.055
Lesotho,2021,141,3.512,0.839,0.848,0.0,0.419,0.076,0.018
Botswana,2021,142,3.471,1.503,0.815,0.28,0.571,0.012,0.102
Rwanda,2021,143,3.268,0.785,0.133,0.462,0.621,0.187,0.544
Zimbabwe,2021,144,2.995,0.947,0.69,0.27,0.329,0.106,0.105
Lebanon,2021,145,2.955,1.392,0.498,0.631,0.103,0.082,0.034
Afghanistan,2021,146,2.404,0.758,0.0,0.289,0.0,0.089,0.005
Finland,2022,1,7.804,1.888,1.585,0.535,0.772,0.126,0.535
Denmark,2022,2,7.586,1.949,1.548,0.537,0.734,0.208,0.525
Iceland,2022,3,7.53,1.926,1.62,0.559,0.738,0.25,0.187
Israel,2022,4,7.473,1.833,1.521,0.577,0.569,0.124,0.158
Netherlands,2022,5,7.403,1.942,1.488,0.545,0.672,0.251,0.394
Sweden,2022,6,7.395,1.921,1.51,0.562,0.754,0.225,0.52
Norway,2022,7,7.315,1.994,1.521,0.544,0.752,0.212,0.463
Switzerland,2022,8,7.24,2.022,1.463,0.582,0.678,0.151,0.475
Luxembourg,2022,9,7.228,2.2,1.357,0.549,0.71,0.149,0.418
New Zealand,2022,10,7.123,1.842,1.544,0.513,0.672,0.23,0.471
Austria,2022,11,7.097,1.927,1.382,0.535,0.63,0.191,0.31
Australia,2022,12,7.095,1.899,1.497,0.532,0.677,0.242,0.31
Canada,2022,13,6.961,1.881,1.484,0.541,0.656,0.218,0.364
Ireland,2022,14,6.911,2.152,1.425,0.539,0.656,0.186,0.409
United States,2022,15,6.894,1.98,1.46,0.39,0.557,0.21,0.172
Germany,2022,16,6.892,1.919,1.401,0.539,0.618,0.153,0.365
Belgium,2022,17,6.859,1.907,1.449,0.528,0.59,0.137,0.273
Czechia,2022,18,6.845,1.823,1.544,0.477,0.693,0.158,0.05
United Kingdom,2022,19,6.796,1.857,1.366,0.511,0.626,0.272,0.34
Lithuania,2022,20,6.763,1.808,1.511,0.432,0.487,0.059,0.089
France,2022,21,6.661,1.856,1.433,0.566,0.582,0.083,0.27
Slovenia,2022,22,6.65,1.815,1.539,0.532,0.707,0.144,0.113
Costa Rica,2022,23,6.609,1.587,1.34,0.503,0.683,0.099,0.116
Romania,2022,24,6.589,1.726,1.28,0.423,0.631,0.044,0.0
Singapore,2022,25,6.587,2.168,1.354,0.607,0.66,0.17,0.561
United Arab Emirates,2022,26,6.571,2.015,1.223,0.401,0.745,0.188,0.247
Taiwan Province of China,2022,27,6.535,1.89,1.372,0.492,0.562,0.067,0.178
Uruguay,2022,28,6.494,1.617,1.445,0.435,0.683,0.102,0.254
Slovakia,2022,29,6.469,1.731,1.544,0.472,0.494,0.128,0.022
Saudi Arabia,2022,30,6.463,1.861,1.37,0.351,0.682,0.093,0.17
Estonia,2022,31,6.455,1.798,1.526,0.494,0.728,0.153,0.372
Spain,2022,32,6.436,1.798,1.491,0.567,0.533,0.101,0.157
Italy,2022,33,6.405,1.832,1.365,0.559,0.438,0.097,0.063
Kosovo,2022,34,6.368,1.374,1.269,0.372,0.639,0.275,0.045
Chile,2022,35,6.334,1.645,1.384,0.511,0.546,0.131,0.076
Mexico,2022,36,6.33,1.55,1.169,0.389,0.632,0.086,0.115
Malta,2022,37,6.3,1.841,1.468,0.547,0.671,0.2,0.143
Panama,2022,38,6.265,1.714,1.402,0.475,0.63,0.065,0.036
Poland,2022,39,6.26,1.767,1.474,0.477,0.511,0.12,0.139
Nicaragua,2022,40,6.259,1.109,1.292,0.385,0.66,0.148,0.218
Latvia,2022,41,6.213,1.737,1.505,0.405,0.58,0.107,0.071
Bahrain,2022,42,6.173,1.883,1.269,0.389,0.748,0.199,0.138
Guatemala,2022,43,6.15,1.287,1.188,0.31,0.631,0.106,0.066
Serbia,2022,45,6.144,1.552,1.343,0.424,0.617,0.246,0.081
Kazakhstan,2022,44,6.144,1.664,1.491,0.389,0.628,0.136,0.149
Cyprus,2022,46,6.13,1.824,1.224,0.58,0.455,0.104,0.05
Japan,2022,47,6.129,1.825,1.396,0.622,0.556,0.009,0.207
Brazil,2022,49,6.125,1.454,1.25,0.387,0.558,0.131,0.137
Croatia,2022,48,6.125,1.727,1.455,0.475,0.5,0.087,0.003
El Salvador,2022,50,6.122,1.278,1.044,0.383,0.713,0.079,0.222
Hungary,2022,51,6.041,1.754,1.519,0.435,0.501,0.105,0.065
Argentina,2022,52,6.024,1.59,1.388,0.427,0.587,0.088,0.082
Honduras,2022,53,6.023,1.115,1.072,0.341,0.613,0.189,0.062
Uzbekistan,2022,54,6.014,1.227,1.347,0.375,0.74,0.26,0.208
Malaysia,2022,55,6.012,1.665,1.155,0.385,0.659,0.222,0.122
Portugal,2022,56,5.968,1.758,1.356,0.537,0.693,0.031,0.037
Republic of Korea,2022,57,5.951,1.853,1.188,0.603,0.446,0.112,0.163
Greece,2022,58,5.931,1.708,1.247,0.535,0.248,0.008,0.097
Mauritius,2022,59,5.902,1.589,1.382,0.336,0.574,0.121,0.11
Thailand,2022,60,5.843,1.515,1.344,0.461,0.624,0.291,0.013
Mongolia,2022,61,5.84,1.379,1.494,0.244,0.425,0.239,0.058
Kyrgyzstan,2022,62,5.825,1.061,1.439,0.417,0.735,0.234,0.018
Republic of Moldova,2022,63,5.819,1.425,1.302,0.375,0.61,0.093,0.02
China,2022,64,5.818,1.51,1.249,0.468,0.666,0.115,0.145
Viet Nam,2022,65,5.763,1.349,1.212,0.381,0.741,0.134,0.122
Paraguay,2022,66,5.738,1.428,1.427,0.392,0.678,0.148,0.062
Montenegro,2022,67,5.722,1.537,1.385,0.424,0.563,0.17,0.061
Jamaica,2022,68,5.703,1.305,1.329,0.411,0.587,0.079,0.039
Bolivia,2022,69,5.684,1.24,1.187,0.329,0.648,0.103,0.06
Russian Federation,2022,70,5.661,1.68,1.383,0.366,0.449,0.12,0.091
Bosnia and Herzegovina,2022,71,5.633,1.467,1.361,0.429,0.485,0.247,0.008
Colombia,2022,72,5.63,1.455,1.213,0.486,0.562,0.08,0.068
Dominican Republic,2022,73,5.569,1.536,1.227,0.351,0.623,0.083,0.195
Ecuador,2022,74,5.559,1.343,1.173,0.476,0.56,0.079,0.069
Peru,2022,75,5.526,1.39,1.153,0.499,0.549,0.073,0.027
Philippines,2022,76,5.523,1.238,1.108,0.286,0.714,0.104,0.141
Bulgaria,2022,77,5.466,1.635,1.457,0.408,0.557,0.106,0.013
Nepal,2022,78,5.36,0.979,1.027,0.281,0.567,0.215,0.104
Armenia,2022,79,5.342,1.466,1.134,0.443,0.551,0.053,0.16
Tajikistan,2022,80,5.33,0.972,1.248,0.291,0.599,0.104,0.292
Algeria,2022,81,5.329,1.353,1.298,0.409,0.252,0.073,0.152
Hong Kong SAR of China,2022,82,5.308,1.951,1.201,0.702,0.407,0.123,0.39
Indonesia,2022,84,5.277,1.384,1.169,0.314,0.663,0.422,0.038
Albania,2022,83,5.277,1.449,0.951,0.48,0.549,0.133,0.037
South Africa,2022,85,5.275,1.417,1.428,0.149,0.464,0.09,0.019
Congo,2022,86,5.267,0.921,0.665,0.145,0.464,0.134,0.136
North Macedonia,2022,87,5.254,1.498,1.171,0.408,0.515,0.207,0.02
Venezuela,2022,88,5.211,0.0,1.257,0.341,0.369,0.205,0.084
Lao PDR,2022,89,5.111,1.232,0.853,0.257,0.715,0.185,0.162
Georgia,2022,90,5.109,1.477,0.947,0.366,0.539,0.0,0.201
Guinea,2022,91,5.072,0.844,0.776,0.072,0.369,0.204,0.102
Ukraine,2022,92,5.071,1.358,1.354,0.355,0.551,0.265,0.016
Côte d’Ivoire,2022,93,5.053,1.094,0.584,0.12,0.467,0.138,0.131
Gabon,2022,94,5.035,1.438,1.021,0.183,0.346,0.036,0.102
Nigeria,2022,95,4.981,1.065,1.007,0.092,0.448,0.176,0.013
Cameroon,2022,96,4.973,0.965,0.871,0.118,0.405,0.144,0.059
Mozambique,2022,97,4.954,0.57,0.885,0.0,0.625,0.161,0.192
Iraq,2022,98,4.941,1.281,0.953,0.324,0.351,0.134,0.038
State of Palestine,2022,99,4.908,1.144,1.309,,0.416,0.065,0.067
Morocco,2022,100,4.903,1.236,0.535,0.337,0.54,0.013,0.085
Iran,2022,101,4.876,1.465,1.102,0.411,0.281,0.229,0.13
Senegal,2022,102,4.855,0.943,0.727,0.231,0.519,0.142,0.06
Mauritania,2022,103,4.724,1.099,0.764,0.244,0.32,0.13,0.195
Burkina Faso,2022,104,4.638,0.768,0.814,0.107,0.419,0.188,0.113
Namibia,2022,105,4.631,1.289,1.126,0.145,0.383,0.069,0.071
Türkiye,2022,106,4.614,1.714,1.148,0.467,0.125,0.095,0.096
Ghana,2022,107,4.605,1.101,0.756,0.197,0.526,0.211,0.035
Pakistan,2022,108,4.555,1.081,0.657,0.158,0.511,0.141,0.102
Niger,2022,109,4.501,0.561,0.628,0.137,0.54,0.154,0.14
Tunisia,2022,110,4.497,1.333,0.981,0.422,0.259,0.022,0.016
Kenya,2022,111,4.487,1.051,0.881,0.19,0.418,0.291,0.055
Sri Lanka,2022,112,4.442,1.422,1.224,0.426,0.539,0.12,0.086
Uganda,2022,113,4.432,0.785,1.144,0.201,0.425,0.197,0.051
Chad,2022,114,4.397,0.622,0.962,0.043,0.393,0.255,0.088
Cambodia,2022,115,4.393,1.025,1.024,0.283,0.768,0.176,0.051
Benin,2022,116,4.374,0.924,0.242,0.124,0.481,0.114,0.253
Myanmar,2022,117,4.372,1.032,1.125,0.269,0.46,0.4,0.194
Bangladesh,2022,118,4.282,1.133,0.513,0.355,0.617,0.139,0.165
Gambia,2022,119,4.279,0.761,0.614,0.174,0.286,0.332,0.033
Mali,2022,120,4.198,0.763,0.637,0.106,0.441,0.121,0.059
Egypt,2022,121,4.17,1.377,0.972,0.326,0.467,0.038,0.25
Togo,2022,122,4.137,0.77,0.642,0.161,0.367,0.149,0.136
Jordan,2022,123,4.12,1.292,0.98,0.438,0.517,0.056,0.173
Ethiopia,2022,124,4.091,0.793,1.114,0.25,0.451,0.283,0.101
Liberia,2022,125,4.042,0.628,0.644,0.141,0.471,0.219,0.071
India,2022,126,4.036,1.159,0.674,0.252,0.685,0.175,0.111
Madagascar,2022,127,4.019,0.632,0.779,0.178,0.187,0.177,0.134
Zambia,2022,128,3.982,0.914,0.89,0.095,0.545,0.189,0.08
Tanzania,2022,129,3.694,0.836,0.787,0.214,0.607,0.234,0.269
Comoros,2022,130,3.545,0.914,0.327,0.215,0.117,0.129,0.145
Malawi,2022,131,3.495,0.637,0.479,0.189,0.49,0.139,0.129
Botswana,2022,132,3.435,1.471,1.041,0.087,0.48,0.021,0.071
DR Congo,2022,133,3.207,0.531,0.784,0.105,0.375,0.183,0.068
Zimbabwe,2022,134,3.204,0.758,0.881,0.069,0.363,0.112,0.117
Sierra Leone,2022,135,3.138,0.67,0.54,0.092,0.371,0.193,0.051
Lebanon,2022,136,2.392,1.417,0.476,0.398,0.123,0.061,0.027
Afghanistan,2022,137,1.859,0.645,0.0,0.087,0.0,0.093,0.059
Finland,2023,1,7.741,1.844,1.572,0.695,0.859,0.142,0.546
Denmark,2023,2,7.583,1.908,1.52,0.699,0.823,0.204,0.548
Iceland,2023,3,7.525,1.881,1.617,0.718,0.819,0.258,0.182
Sweden,2023,4,7.344,1.878,1.501,0.724,0.838,0.221,0.524
Israel,2023,5,7.341,1.803,1.513,0.74,0.641,0.153,0.193
Netherlands,2023,6,7.319,1.901,1.462,0.706,0.725,0.247,0.372
Norway,2023,7,7.302,1.952,1.517,0.704,0.835,0.224,0.484
Luxembourg,2023,8,7.122,2.141,1.355,0.708,0.801,0.146,0.432
Switzerland,2023,9,7.06,1.97,1.425,0.747,0.759,0.173,0.498
Australia,2023,10,7.057,1.854,1.461,0.692,0.756,0.225,0.323
New Zealand,2023,11,7.029,1.81,1.527,0.673,0.746,0.226,0.48
Costa Rica,2023,12,6.955,1.561,1.373,0.661,0.797,0.109,0.123
Kuwait,2023,13,6.951,1.845,1.364,0.661,0.827,0.2,0.172
Austria,2023,14,6.905,1.885,1.336,0.696,0.703,0.214,0.305
Canada,2023,15,6.9,1.84,1.459,0.701,0.73,0.23,0.368
Belgium,2023,16,6.894,1.868,1.44,0.69,0.729,0.17,0.311
Ireland,2023,17,6.838,2.129,1.39,0.7,0.758,0.205,0.418
Czechia,2023,18,6.822,1.783,1.511,0.638,0.787,0.177,0.068
Lithuania,2023,19,6.818,1.766,1.454,0.598,0.533,0.044,0.116
United Kingdom,2023,20,6.749,1.822,1.326,0.672,0.713,0.267,0.351
Slovenia,2023,21,6.743,1.786,1.502,0.695,0.789,0.157,0.131
United Arab Emirates,2023,22,6.733,1.983,1.164,0.563,0.815,0.209,0.258
United States,2023,23,6.725,1.939,1.392,0.542,0.586,0.223,0.169
Germany,2023,24,6.719,1.871,1.39,0.702,0.7,0.174,0.368
Mexico,2023,25,6.678,1.521,1.241,0.544,0.722,0.086,0.127
Uruguay,2023,26,6.611,1.596,1.431,0.592,0.775,0.106,0.22
France,2023,27,6.609,1.818,1.348,0.727,0.65,0.112,0.281
Saudi Arabia,2023,28,6.594,1.842,1.361,0.511,0.787,0.114,0.188
Kosovo,2023,29,6.561,1.364,1.277,0.599,0.739,0.254,0.073
Singapore,2023,30,6.523,2.118,1.361,0.769,0.743,0.168,0.575
Taiwan Province of China,2023,31,6.503,1.842,1.346,0.65,0.649,0.068,0.202
Romania,2023,32,6.491,1.699,1.236,0.583,0.717,0.041,0.006
El Salvador,2023,33,6.469,1.265,1.08,0.549,0.816,0.083,0.253
Estonia,2023,34,6.448,1.752,1.527,0.657,0.805,0.166,0.401
Poland,2023,35,6.442,1.738,1.417,0.639,0.6,0.081,0.175
Spain,2023,36,6.421,1.766,1.471,0.729,0.619,0.119,0.177
Serbia,2023,37,6.411,1.538,1.391,0.585,0.663,0.2,0.101
Chile,2023,38,6.36,1.616,1.369,0.673,0.651,0.117,0.075
Panama,2023,39,6.358,1.702,1.392,0.633,0.72,0.063,0.043
Malta,2023,40,6.346,1.827,1.444,0.707,0.727,0.25,0.125
Italy,2023,41,6.324,1.8,1.328,0.72,0.513,0.112,0.074
Guatemala,2023,42,6.287,1.26,1.169,0.467,0.735,0.105,0.078
Nicaragua,2023,43,6.284,1.097,1.263,0.542,0.793,0.133,0.251
Brazil,2023,44,6.272,1.43,1.269,0.548,0.685,0.13,0.142
Slovakia,2023,45,6.257,1.706,1.54,0.638,0.566,0.096,0.058
Latvia,2023,46,6.234,1.7,1.508,0.564,0.666,0.127,0.078
Uzbekistan,2023,47,6.195,1.212,1.394,0.539,0.835,0.251,0.215
Kazakhstan,2023,49,6.188,1.622,1.457,0.556,0.733,0.149,0.12
Argentina,2023,48,6.188,1.562,1.381,0.585,0.681,0.087,0.08
Cyprus,2023,50,6.068,1.794,1.217,0.744,0.529,0.124,0.049
Japan,2023,51,6.06,1.786,1.354,0.785,0.632,0.023,0.219
Republic of Korea,2023,52,6.058,1.815,1.178,0.77,0.555,0.126,0.158
Philippines,2023,53,6.048,1.232,1.146,0.441,0.826,0.099,0.136
Viet Nam,2023,54,6.043,1.331,1.267,0.539,0.843,0.094,0.16
Portugal,2023,55,6.03,1.728,1.368,0.699,0.757,0.047,0.035
Hungary,2023,56,6.017,1.722,1.528,0.596,0.581,0.123,0.067
Paraguay,2023,57,5.977,1.398,1.408,0.549,0.788,0.131,0.065
Thailand,2023,58,5.976,1.484,1.347,0.62,0.756,0.283,0.024
Malaysia,2023,59,5.975,1.646,1.143,0.54,0.829,0.226,0.119
China,2023,60,5.973,1.497,1.239,0.629,0.704,0.132,0.164
Honduras,2023,61,5.968,1.091,1.035,0.502,0.72,0.175,0.081
Bahrain,2023,62,5.959,,,,,,
Croatia,2023,63,5.942,1.71,1.445,0.637,0.469,0.064,0.043
Greece,2023,64,5.934,1.684,1.276,0.696,0.337,0.018,0.093
Bosnia and Herzegovina,2023,65,5.877,1.465,1.318,0.587,0.621,0.246,0.0
Libya,2023,66,5.866,1.526,1.1,0.55,0.592,0.111,0.204
Jamaica,2023,67,5.842,1.28,1.324,0.567,0.647,0.089,0.028
Peru,2023,68,5.841,1.371,1.18,0.662,0.615,0.078,0.029
Dominican Republic,2023,69,5.823,1.517,1.272,0.511,0.73,0.086,0.196
Republic of Moldova,2023,71,5.816,1.385,1.277,0.542,0.695,0.077,0.044
Mauritius,2023,70,5.816,1.57,1.358,0.49,0.641,0.123,0.118
Russian Federation,2023,72,5.785,1.642,1.351,0.531,0.551,0.138,0.121
Bolivia,2023,73,5.784,1.217,1.179,0.488,0.719,0.1,0.061
Ecuador,2023,74,5.725,1.315,1.151,0.64,0.606,0.087,0.078
Kyrgyzstan,2023,75,5.714,1.054,1.477,0.588,0.834,0.225,0.03
Montenegro,2023,76,5.707,1.571,1.318,0.587,0.632,0.11,0.132
Mongolia,2023,77,5.696,1.353,1.511,0.4,0.501,0.237,0.055
Colombia,2023,78,5.695,1.437,1.241,0.648,0.644,0.072,0.059
Venezuela,2023,79,5.607,0.0,1.321,0.491,0.518,0.192,0.086
Indonesia,2023,80,5.568,1.361,1.184,0.472,0.779,0.399,0.055
Bulgaria,2023,81,5.463,1.629,1.469,0.567,0.62,0.083,0.006
Armenia,2023,82,5.455,1.444,1.154,0.603,0.65,0.051,0.173
South Africa,2023,83,5.422,1.389,1.369,0.322,0.537,0.078,0.034
North Macedonia,2023,84,5.369,1.475,1.277,0.569,0.58,0.194,0.015
Algeria,2023,85,5.364,1.324,1.191,0.568,0.247,0.091,0.2
Hong Kong SAR of China,2023,86,5.316,1.909,1.184,0.857,0.485,0.147,0.402
Albania,2023,87,5.304,1.438,0.924,0.638,0.69,0.138,0.049
Tajikistan,2023,88,5.281,,,,,,
Congo,2023,89,5.221,0.892,0.622,0.306,0.523,0.124,0.138
Mozambique,2023,90,5.216,0.56,0.883,0.156,0.728,0.158,0.196
Georgia,2023,91,5.185,1.467,0.99,0.524,0.68,0.0,0.174
Iraq,2023,92,5.166,1.249,0.996,0.498,0.425,0.141,0.048
Nepal,2023,93,5.158,0.965,0.99,0.443,0.653,0.209,0.115
Lao PDR,2023,94,5.139,1.208,0.846,0.423,0.796,0.17,0.167
Gabon,2023,95,5.106,1.403,1.038,0.344,0.516,0.045,0.1
Côte d’Ivoire,2023,96,5.08,1.08,0.578,0.288,0.547,0.12,0.164
Guinea,2023,97,5.023,0.831,0.622,0.236,0.521,0.21,0.107
Türkiye,2023,98,4.975,1.702,1.175,0.631,0.202,0.068,0.115
Senegal,2023,99,4.969,0.927,0.751,0.392,0.607,0.152,0.069
Iran,2023,100,4.923,1.435,1.136,0.571,0.366,0.235,0.123
Azerbaijan,2023,101,4.893,1.433,0.876,0.496,0.668,0.112,0.199
Nigeria,2023,102,4.881,1.042,1.075,0.256,0.566,0.201,0.019
State of Palestine,2023,103,4.879,,,,,,
Cameroon,2023,104,4.874,0.943,0.856,0.288,0.521,0.126,0.06
Ukraine,2023,105,4.873,1.35,1.315,0.513,0.631,0.285,0.025
Namibia,2023,106,4.832,1.266,1.212,0.307,0.47,0.069,0.061
Morocco,2023,107,4.795,1.213,0.471,0.495,0.631,0.042,0.082
Pakistan,2023,108,4.657,1.069,0.6,0.321,0.542,0.144,0.074
Niger,2023,109,4.556,0.573,0.677,0.293,0.615,0.145,0.147
Burkina Faso,2023,110,4.548,0.756,0.685,0.274,0.483,0.173,0.179
Mauritania,2023,111,4.505,1.078,0.705,0.4,0.343,0.133,0.198
Gambia,2023,112,4.485,0.75,0.684,0.33,0.459,0.324,0.048
Chad,2023,113,4.471,0.603,0.805,0.199,0.411,0.218,0.113
Kenya,2023,114,4.47,1.037,0.895,0.353,0.519,0.282,0.069
Tunisia,2023,115,4.422,1.306,0.955,0.579,0.254,0.024,0.018
Benin,2023,116,4.377,0.914,0.128,0.284,0.567,0.112,0.252
Uganda,2023,117,4.372,0.772,1.151,0.373,0.587,0.178,0.054
Myanmar,2023,118,4.354,0.978,0.988,0.436,0.45,0.401,0.174
Cambodia,2023,119,4.341,1.011,1.019,0.442,0.863,0.17,0.071
Ghana,2023,120,4.289,1.077,0.747,0.36,0.623,0.183,0.028
Liberia,2023,121,4.269,0.619,0.673,0.301,0.546,0.178,0.075
Mali,2023,122,4.232,0.747,0.688,0.267,0.586,0.12,0.09
Madagascar,2023,123,4.228,0.628,0.823,0.333,0.25,0.172,0.123
Togo,2023,124,4.214,0.758,0.586,0.32,0.453,0.127,0.156
Jordan,2023,125,4.186,1.262,0.983,0.594,0.593,0.059,0.189
India,2023,126,4.054,1.166,0.653,0.417,0.767,0.174,0.122
Egypt,2023,127,3.977,1.37,0.996,0.488,0.49,0.025,0.259
Sri Lanka,2023,128,3.898,1.361,1.179,0.586,0.583,0.144,0.031
Bangladesh,2023,129,3.886,1.122,0.249,0.513,0.775,0.14,0.167
Ethiopia,2023,130,3.861,0.792,0.915,0.42,0.441,0.27,0.101
Tanzania,2023,131,3.781,0.82,0.706,0.38,0.709,0.191,0.257
Comoros,2023,132,3.566,0.896,0.328,0.37,0.172,0.128,0.16
Yemen,2023,133,3.561,0.671,1.281,0.293,0.362,0.08,0.113
Eswatini,2023,135,3.502,1.255,0.925,0.176,0.284,0.059,0.116
Zambia,2023,134,3.502,0.899,0.809,0.264,0.727,0.168,0.109
Malawi,2023,136,3.421,0.617,0.41,0.349,0.571,0.135,0.136
Botswana,2023,137,3.383,1.445,0.969,0.241,0.567,0.014,0.082
Zimbabwe,2023,138,3.341,0.748,0.85,0.232,0.487,0.096,0.131
DR Congo,2023,139,3.295,0.534,0.665,0.262,0.473,0.189,0.072
Sierra Leone,2023,140,3.245,0.654,0.566,0.253,0.469,0.181,0.053
Lesotho,2023,141,3.186,0.771,0.851,0.0,0.523,0.082,0.085
Lebanon,2023,142,2.707,1.377,0.577,0.556,0.173,0.068,0.029
Afghanistan,2023,143,1.721,0.628,0.0,0.242,0.0,0.091,0.088
Finland,2024,1,7.736,1.749,1.783,0.824,0.986,0.11,0.502
Denmark,2024,2,7.521,1.825,1.748,0.82,0.955,0.15,0.488
Iceland,2024,3,7.515,1.799,1.84,0.873,0.971,0.201,0.173
Sweden,2024,4,7.345,1.783,1.698,0.889,0.952,0.17,0.467
Netherlands,2024,5,7.306,1.822,1.667,0.844,0.86,0.186,0.344
Costa Rica,2024,6,7.274,1.492,1.6,0.68,0.948,0.067,0.118
Norway,2024,7,7.262,1.902,1.711,0.863,0.962,0.168,0.425
Israel,2024,8,7.234,1.695,1.743,0.824,0.74,0.144,0.193
Luxembourg,2024,9,7.122,2.028,1.558,0.864,0.931,0.117,0.397
Mexico,2024,10,6.979,1.435,1.504,0.55,0.879,0.057,0.118
Australia,2024,11,6.974,1.767,1.647,0.841,0.857,0.164,0.285
New Zealand,2024,12,6.952,1.698,1.712,0.815,0.861,0.167,0.429
Switzerland,2024,13,6.935,1.87,1.622,0.883,0.889,0.156,0.468
Belgium,2024,14,6.91,1.783,1.646,0.852,0.895,0.119,0.306
Ireland,2024,15,6.889,1.988,1.659,0.823,0.906,0.179,0.382
Lithuania,2024,16,6.829,1.684,1.699,0.592,0.702,0.031,0.123
Austria,2024,17,6.81,1.791,1.592,0.814,0.856,0.179,0.28
Canada,2024,18,6.803,1.749,1.647,0.832,0.813,0.168,0.323
Slovenia,2024,19,6.792,1.692,1.718,0.802,0.961,0.121,0.113
Czechia,2024,20,6.775,1.692,1.716,0.658,0.916,0.118,0.084
United Arab Emirates,2024,21,6.759,1.812,1.294,0.659,0.934,0.165,0.235
Germany,2024,22,6.753,1.785,1.625,0.776,0.858,0.148,0.351
United Kingdom,2024,23,6.728,1.725,1.562,0.779,0.872,0.211,0.318
United States,2024,24,6.724,1.839,1.614,0.604,0.644,0.171,0.161
Belize,2024,25,6.711,1.256,1.54,0.525,1.018,0.072,0.082
Poland,2024,26,6.673,1.666,1.595,0.63,0.79,0.021,0.169
Taiwan Province of China,2024,27,6.669,1.73,1.583,0.817,0.76,0.057,0.187
Uruguay,2024,28,6.661,1.554,1.654,0.523,0.913,0.078,0.197
Kosovo,2024,29,6.659,1.281,1.454,0.896,0.893,0.201,0.087
Kuwait,2024,30,6.629,1.691,1.481,0.766,0.934,0.143,0.167
Serbia,2024,31,6.606,1.489,1.62,0.545,0.767,0.131,0.107
Saudi Arabia,2024,32,6.6,1.743,1.566,0.714,0.915,0.105,0.187
France,2024,33,6.593,1.733,1.535,0.832,0.743,0.099,0.264
Singapore,2024,34,6.565,2.022,1.565,0.935,0.856,0.164,0.522
Romania,2024,35,6.563,1.636,1.401,0.561,0.847,0.028,0.015
Brazil,2024,36,6.494,1.391,1.519,0.48,0.83,0.089,0.127
El Salvador,2024,37,6.492,1.222,1.228,0.559,0.955,0.054,0.264
Spain,2024,38,6.466,1.69,1.685,0.894,0.734,0.112,0.18
Estonia,2024,39,6.417,1.65,1.716,0.642,0.902,0.128,0.378
Italy,2024,40,6.415,1.724,1.526,0.852,0.641,0.082,0.071
Panama,2024,41,6.407,1.594,1.6,0.717,0.876,0.041,0.042
Argentina,2024,42,6.397,1.504,1.622,0.579,0.824,0.048,0.083
Kazakhstan,2024,43,6.378,1.586,1.688,0.504,0.878,0.111,0.118
Guatemala,2024,44,6.362,1.249,1.33,0.376,0.882,0.075,0.085
Chile,2024,45,6.361,1.537,1.577,0.711,0.779,0.093,0.085
Viet Nam,2024,46,6.352,1.278,1.533,0.631,1.012,0.039,0.174
Nicaragua,2024,47,6.33,1.084,1.47,0.646,0.912,0.103,0.271
Malta,2024,48,6.316,1.76,1.671,0.837,0.837,0.217,0.115
Thailand,2024,49,6.222,1.426,1.551,0.633,0.927,0.223,0.039
Slovakia,2024,50,6.221,1.629,1.762,0.547,0.704,0.058,0.07
Latvia,2024,51,6.207,1.619,1.711,0.503,0.789,0.108,0.082
Oman,2024,52,6.197,1.603,1.411,0.5,0.93,0.142,
Uzbekistan,2024,53,6.193,1.179,1.615,0.654,0.977,0.195,0.208
Paraguay,2024,54,6.172,1.329,1.615,0.291,0.921,0.097,0.063
Japan,2024,55,6.147,1.678,1.55,0.921,0.746,0.014,0.2
Bosnia and Herzegovina,2024,56,6.136,1.405,1.545,0.616,0.749,0.178,0.009
Philippines,2024,57,6.107,1.177,1.385,0.315,0.966,0.075,0.11
Republic of Korea,2024,58,6.038,1.709,1.357,0.903,0.678,0.1,0.139
Bahrain,2024,59,6.03,1.752,1.391,0.609,0.907,0.148,0.167
Portugal,2024,60,6.013,1.646,1.56,0.822,0.879,0.04,0.034
Colombia,2024,61,6.004,1.38,1.513,0.587,0.777,0.039,0.051
Ecuador,2024,62,5.965,1.299,1.32,0.702,0.712,0.058,0.066
Honduras,2024,63,5.964,1.036,1.187,0.436,0.862,0.134,0.079
Malaysia,2024,64,5.955,1.571,1.315,0.446,0.991,0.181,0.11
Peru,2024,65,5.947,1.323,1.364,0.551,0.71,0.05,0.021
Russian Federation,2024,66,5.945,1.63,1.549,0.47,0.702,0.095,0.125
Cyprus,2024,67,5.942,1.72,1.348,0.84,0.612,0.108,0.041
China,2024,68,5.921,1.445,1.307,0.789,0.764,0.079,0.154
Hungary,2024,69,5.915,1.638,1.742,0.587,0.681,0.099,0.057
Trinidad and Tobago,2024,70,5.905,1.549,1.532,0.419,0.76,0.111,0.001
Montenegro,2024,71,5.877,1.507,1.551,0.618,0.768,0.075,0.138
Jamaica,2024,73,5.87,1.182,1.545,0.504,0.869,0.075,0.019
Croatia,2024,72,5.87,1.644,1.673,0.669,0.478,0.022,0.065
Bolivia,2024,74,5.868,1.173,1.356,0.346,0.817,0.067,0.052
Kyrgyzstan,2024,75,5.858,1.032,1.715,0.647,0.981,0.169,0.053
Dominican Republic,2024,76,5.846,1.457,1.5,0.615,0.866,0.063,0.186
Mongolia,2024,77,5.833,1.336,1.731,0.423,0.629,0.18,0.053
Mauritius,2024,78,5.832,1.499,1.521,0.617,0.761,0.095,0.13
Libya,2024,79,5.82,1.247,1.309,0.549,0.724,0.111,0.214
Republic of Moldova,2024,80,5.819,1.332,1.43,0.414,0.83,0.054,0.037
Greece,2024,81,5.776,1.608,1.438,0.725,0.396,0.003,0.063
Venezuela,2024,82,5.683,0.0,1.493,0.515,0.702,0.154,0.117
Indonesia,2024,83,5.617,1.288,1.372,0.454,0.918,0.323,0.044
Algeria,2024,84,5.571,1.315,1.363,0.782,0.522,0.057,0.219
Bulgaria,2024,85,5.554,1.573,1.725,0.463,0.708,0.055,0.0
North Macedonia,2024,86,5.503,1.458,1.537,0.544,0.637,0.13,0.007
Armenia,2024,87,5.494,1.391,1.349,0.828,0.786,0.032,0.158
Hong Kong SAR of China,2024,88,5.491,1.79,1.41,0.948,0.674,0.116,0.386
Tajikistan,2024,90,5.411,0.914,1.555,0.658,,0.085,0.342
Albania,2024,89,5.411,1.371,1.122,0.696,0.841,0.103,0.057
Georgia,2024,91,5.4,1.444,1.275,0.482,0.844,0.0,0.172
Nepal,2024,92,5.311,0.944,1.21,0.463,0.764,0.155,0.099
Lao PDR,2024,93,5.301,1.122,1.01,0.493,0.916,0.145,0.164
Türkiye,2024,94,5.262,1.582,1.444,0.626,0.244,0.04,0.104
South Africa,2024,95,5.213,1.283,1.465,0.142,0.676,0.064,0.043
Mozambique,2024,96,5.19,0.559,1.131,0.124,0.813,0.127,0.173
Gabon,2024,97,5.12,1.386,1.224,0.387,0.651,0.042,0.086
Côte d’Ivoire,2024,98,5.102,1.038,0.76,0.206,0.661,0.1,0.162
Iran,2024,99,5.093,1.33,1.367,0.609,0.456,0.202,0.122
Congo,2024,100,5.03,1.023,0.796,0.336,0.626,0.082,0.126
Iraq,2024,101,4.976,1.261,1.275,0.589,0.503,0.1,0.069
Guinea,2024,102,4.929,0.873,0.791,0.306,0.676,0.157,0.098
Namibia,2024,103,4.911,1.182,1.482,0.104,0.564,0.052,0.056
Cameroon,2024,104,4.887,0.944,0.986,0.302,0.662,0.099,0.06
Nigeria,2024,105,4.885,0.989,1.245,0.38,0.639,0.17,0.028
Azerbaijan,2024,106,4.875,1.428,1.03,0.707,0.785,0.076,0.179
Senegal,2024,107,4.856,0.907,0.977,0.433,0.767,0.129,0.09
State of Palestine,2024,108,4.78,1.047,1.456,,0.618,0.055,0.081
Pakistan,2024,109,4.768,0.982,0.759,0.417,0.529,0.136,0.046
Niger,2024,110,4.725,0.606,0.796,0.258,0.759,0.122,0.137
Ukraine,2024,111,4.68,1.328,1.472,0.472,0.689,0.245,0.023
Morocco,2024,112,4.622,1.139,0.635,0.585,0.748,0.031,0.095
Tunisia,2024,113,4.552,1.257,1.224,0.459,0.382,0.032,0.05
Mauritania,2024,114,4.542,1.023,0.919,0.516,0.454,0.113,0.195
Kenya,2024,115,4.51,0.994,1.047,0.448,0.649,0.22,0.073
Uganda,2024,116,4.461,0.762,1.342,0.396,0.751,0.148,0.05
Gambia,2024,117,4.423,0.778,0.958,0.348,0.611,0.255,0.045
India,2024,118,4.389,1.149,0.86,0.316,0.914,0.141,0.12
Chad,2024,119,4.384,0.592,0.902,0.242,0.477,0.175,0.111
Burkina Faso,2024,120,4.383,0.724,0.828,0.296,0.671,0.142,0.218
Benin,2024,121,4.357,0.855,0.228,0.357,0.679,0.092,0.238
Somalia,2024,122,4.347,0.535,0.877,0.046,0.916,0.206,0.192
Mali,2024,123,4.345,0.709,0.908,0.318,0.767,0.093,0.114
Cambodia,2024,124,4.341,1.049,1.215,0.481,0.988,0.138,0.078
Ghana,2024,125,4.34,1.053,1.01,0.438,0.771,0.139,0.025
Myanmar,2024,126,4.321,0.975,1.144,0.446,0.569,0.322,0.163
Togo,2024,127,4.315,0.757,0.736,0.378,0.576,0.097,0.153
Jordan,2024,128,4.31,1.158,1.202,0.573,0.7,0.051,0.164
Liberia,2024,129,4.277,0.582,0.888,0.324,0.653,0.143,0.068
Madagascar,2024,130,4.157,0.588,0.938,0.341,0.292,0.131,0.118
Zambia,2024,131,3.912,0.848,1.013,0.233,0.872,0.131,0.107
Ethiopia,2024,132,3.898,0.757,1.051,0.416,0.54,0.182,0.1
Sri Lanka,2024,133,3.891,1.271,1.308,0.567,0.696,0.121,0.025
Bangladesh,2024,134,3.851,1.116,0.286,0.592,0.92,0.11,0.132
Egypt,2024,135,3.817,1.347,1.075,0.473,0.593,0.018,0.103
Tanzania,2024,136,3.8,0.847,0.908,0.411,0.858,0.153,0.243
Eswatini,2024,137,3.774,1.183,1.152,0.038,0.428,0.054,0.13
Lesotho,2024,138,3.757,0.737,1.131,0.0,0.606,0.065,0.072
Comoros,2024,139,3.754,0.835,0.501,0.428,0.26,0.117,0.164
Yemen,2024,140,3.561,0.631,1.482,0.375,0.447,0.066,0.106
DR Congo,2024,141,3.469,0.544,0.929,0.278,0.6,0.151,0.061
Botswana,2024,142,3.438,1.388,1.146,0.094,0.697,0.018,0.083
Zimbabwe,2024,143,3.396,0.827,0.961,0.178,0.598,0.065,0.131
Malawi,2024,144,3.26,0.588,0.489,0.28,0.677,0.115,0.136
Lebanon,2024,145,3.188,1.223,0.984,0.44,0.279,0.071,0.041
Sierra Leone,2024,146,2.998,0.786,0.692,0.327,0.613,0.138,0.052
Afghanistan,2024,147,1.364,0.649,0.0,0.155,0.0,0.075,0.135
